campaign,model,domain,contrast,left_arm,right_arm,n,planned_pairs,paired_seeds,common_factorial_seeds,mechanism_validated_seeds,mechanism_validated_complete_block,pass8_left_mean,pass8_right_mean,pass8_effect,pass8_lower95,pass8_upper95,pass8_interval_method,distinct8_left_mean,distinct8_right_mean,distinct8_effect,distinct8_lower95,distinct8_upper95,distinct8_interval_method,breadth8_left_mean,breadth8_right_mean,breadth8_effect,breadth8_lower95,breadth8_upper95,breadth8_interval_method
e118,Qwen-0.5B,Graph,replay_maxrl_minus_maxrl,ReplayMaxRL,MaxRL,5,5,43;44;45;46;47,43;44;45;46;47,,,0.944921875,0.53671875,0.408203125,0.19956484211169676,0.6168414078883032,student_t_95,2.308203125,0.678515625,1.6296875,1.1550762255798441,2.1042987744201556,student_t_95,1.36328125,0.141796875,1.221484375,0.9257453781337779,1.517223371866222,student_t_95
e118,Qwen-0.5B,Countdown,replay_maxrl_minus_maxrl,ReplayMaxRL,MaxRL,5,5,43;44;45;46;47,43;44;45;46;47,,,0.665625,0.581640625,0.083984375,-0.0738724487370701,0.2418411987370701,student_t_95,1.69453125,0.620703125,1.073828125,0.8224478047739939,1.3252084452260058,student_t_95,1.02890625,0.0390625,0.98984375,0.8591859911590594,1.1205015088409407,student_t_95
e118,Qwen-0.5B,Python,replay_maxrl_minus_maxrl,ReplayMaxRL,MaxRL,5,5,43;44;45;46;47,43;44;45;46;47,,,0.68125,0.171875,0.509375,-0.03326372066998451,1.0520137206699847,student_t_95,1.12734375,0.171875,0.95546875,-0.0822685612213544,1.9932060612213545,student_t_95,0.44609375,0.0,0.44609375,-0.15585187907701864,1.0480393790770186,student_t_95
e118,Qwen-0.5B,MathIR,replay_maxrl_minus_maxrl,ReplayMaxRL,MaxRL,5,5,43;44;45;46;47,43;44;45;46;47,,,0.788671875,0.4453125,0.343359375,0.26246409695284045,0.4242546530471596,student_t_95,0.801953125,0.44609375,0.355859375,0.27373746639590113,0.4379812836040988,student_t_95,0.01328125,0.00078125,0.0125,0.008441989712173557,0.016558010287826445,student_t_95
e118,Qwen-0.5B,PantryPlan,replay_maxrl_minus_maxrl,ReplayMaxRL,MaxRL,5,5,43;44;45;46;47,43;44;45;46;47,,,0.720703125,0.53125,0.189453125,0.10762536823897563,0.2712808817610244,student_t_95,1.471875,0.53125,0.940625,0.6361071229119825,1.2451428770880177,student_t_95,0.751171875,0.0,0.751171875,0.5199721030010691,0.982371646998931,student_t_95
e118,Falcon-1B,Graph,replay_maxrl_minus_maxrl,ReplayMaxRL,MaxRL,5,5,55;56;57;58;59,55;56;57;58;59,,,0.9359375,0.921875,0.0140625,-0.015905216156934576,0.04403021615693457,student_t_95,2.001953125,2.094921875,-0.09296875,-0.2294087048197746,0.04347120481977458,student_t_95,1.066015625,1.173046875,-0.10703125,-0.21952411767449762,0.005461617674497626,student_t_95
e118,Falcon-1B,Countdown,replay_maxrl_minus_maxrl,ReplayMaxRL,MaxRL,5,5,55;56;57;58;59,55;56;57;58;59,,,0.679296875,0.65390625,0.025390625,0.009862248356159543,0.04091900164384046,student_t_95,0.787109375,0.65390625,0.133203125,0.10078436462693158,0.16562188537306843,student_t_95,0.1078125,0.0,0.1078125,0.08161441444565706,0.13401058555434295,student_t_95
e118,Falcon-1B,Python,replay_maxrl_minus_maxrl,ReplayMaxRL,MaxRL,5,5,55;56;57;58;59,55;56;57;58;59,,,0.9609375,0.834375,0.1265625,-0.3715938296609884,0.6247188296609885,student_t_95,1.1140625,0.834375,0.2796875,-0.2091253048481222,0.7685003048481222,student_t_95,0.153125,0.0,0.153125,-0.2720181567334129,0.5782681567334129,student_t_95
e118,Falcon-1B,MathIR,replay_maxrl_minus_maxrl,ReplayMaxRL,MaxRL,5,5,55;56;57;58;59,55;56;57;58;59,,,0.87890625,0.4546875,0.42421875,0.3099364231345303,0.5385010768654697,student_t_95,0.898828125,0.455859375,0.44296875,0.3172897033598013,0.5686477966401988,student_t_95,0.019921875,0.001171875,0.01875,0.006431892750340548,0.03106810724965945,student_t_95
e118,Falcon-1B,PantryPlan,replay_maxrl_minus_maxrl,ReplayMaxRL,MaxRL,5,5,55;56;57;58;59,55;56;57;58;59,,,0.70625,0.6328125,0.0734375,0.027628949384381325,0.11924605061561869,student_t_95,1.0078125,0.6328125,0.375,0.06488728923622833,0.6851127107637717,student_t_95,0.3015625,0.0,0.3015625,0.033755780833849724,0.5693692191661504,student_t_95
e118,Qwen-3B,Graph,replay_maxrl_minus_maxrl,ReplayMaxRL,MaxRL,5,5,70;71;72;73;74,70;71;72;73;74,,,0.84765625,0.82421875,0.0234375,-0.04782569655456026,0.09470069655456026,student_t_95,1.7,1.513671875,0.186328125,-0.022363709448126823,0.39501995944812685,student_t_95,0.85234375,0.689453125,0.162890625,0.020802305176641417,0.30497894482335863,student_t_95
e118,Qwen-3B,Countdown,replay_maxrl_minus_maxrl,ReplayMaxRL,MaxRL,2,5,70;74,70;74,,,0.7412109375,0.5654296875,0.17578125,,,,0.8994140625,0.57421875,0.3251953125,,,,0.158203125,0.0087890625,0.1494140625,,,
e118,Qwen-3B,Python,replay_maxrl_minus_maxrl,ReplayMaxRL,MaxRL,5,5,70;71;72;73;74,70;71;72;73;74,,,0.6328125,0.35625,0.2765625,-0.036915277022165294,0.5900402770221653,student_t_95,0.74765625,0.35625,0.39140625,0.07867982293175613,0.7041326770682439,student_t_95,0.11484375,0.0,0.11484375,0.08027402061550303,0.14941347938449695,student_t_95
e118,Qwen-3B,MathIR,replay_maxrl_minus_maxrl,ReplayMaxRL,MaxRL,3,5,70;71;74,70;71;74,,,0.4967447916666667,0.2760416666666667,0.220703125,,,,0.50390625,0.2760416666666667,0.22786458333333334,,,,0.007161458333333333,0.0,0.007161458333333333,,,
e118,Qwen-3B,PantryPlan,replay_maxrl_minus_maxrl,ReplayMaxRL,MaxRL,1,5,72,72,,,0.748046875,0.708984375,0.0390625,,,,1.693359375,1.080078125,0.61328125,,,,0.9453125,0.37109375,0.57421875,,,
e119,Qwen-0.5B,Graph,replay_drgrpo_minus_drgrpo,ReplayDr.GRPO,Dr.GRPO,5,5,43;44;45;46;47,43;44;45;46;47,,,0.7625,0.2015625,0.5609375,0.44461489371182067,0.6772601062881793,student_t_95,1.24296875,0.22421875,1.01875,0.8824502081142229,1.1550497918857772,student_t_95,0.48046875,0.02265625,0.4578125,0.3939114917457538,0.5217135082542462,student_t_95
e119,Qwen-0.5B,Graph,replay_maxrl_minus_maxrl,ReplayMaxRL,MaxRL,5,5,43;44;45;46;47,43;44;45;46;47,,,0.739453125,0.434375,0.305078125,0.2498193224045962,0.36033692759540376,student_t_95,1.2140625,0.54609375,0.66796875,0.5327041559096666,0.8032333440903334,student_t_95,0.474609375,0.11171875,0.362890625,0.2800379055915434,0.44574334440845664,student_t_95
e119,Qwen-0.5B,Countdown,replay_drgrpo_minus_drgrpo,ReplayDr.GRPO,Dr.GRPO,5,5,43;44;45;46;47,43;44;45;46;47,,,0.155859375,0.13125,0.024609375,-0.05300599182867781,0.10222474182867781,student_t_95,0.176171875,0.13125,0.044921875,-0.047344490661391236,0.13718824066139124,student_t_95,0.0203125,0.0,0.0203125,-0.014223187299052111,0.05484818729905211,student_t_95
e119,Qwen-0.5B,Countdown,replay_maxrl_minus_maxrl,ReplayMaxRL,MaxRL,5,5,43;44;45;46;47,43;44;45;46;47,,,0.1578125,0.117578125,0.040234375,-0.03415018225949684,0.11461893225949685,student_t_95,0.174609375,0.117578125,0.05703125,-0.02217423827506363,0.13623673827506363,student_t_95,0.016796875,0.0,0.016796875,0.0011177338822009435,0.03247601611779906,student_t_95
e119,Qwen-0.5B,Python,replay_drgrpo_minus_drgrpo,ReplayDr.GRPO,Dr.GRPO,5,5,43;44;45;46;47,43;44;45;46;47,,,0.8875,0.8125,0.075,-0.05251638387342321,0.2025163838734232,student_t_95,1.2125,0.8125,0.4,-0.0771226196546953,0.8771226196546953,student_t_95,0.325,0.0,0.325,-0.22757099678483378,0.8775709967848337,student_t_95
e119,Qwen-0.5B,Python,replay_maxrl_minus_maxrl,ReplayMaxRL,MaxRL,5,5,43;44;45;46;47,43;44;45;46;47,,,0.85,0.8125,0.0375,-0.06661669144491744,0.14161669144491745,student_t_95,1.024609375,0.8125,0.212109375,-0.24233989640430603,0.6665586464043061,student_t_95,0.174609375,0.0,0.174609375,-0.29541338442394477,0.6446321344239447,student_t_95
e119,Qwen-0.5B,MathIR,replay_drgrpo_minus_drgrpo,ReplayDr.GRPO,Dr.GRPO,5,5,43;44;45;46;47,43;44;45;46;47,,,0.994140625,0.5015625,0.492578125,-0.0022911965772517418,0.9874474465772517,student_t_95,0.994140625,0.5015625,0.492578125,-0.0022911965772517418,0.9874474465772517,student_t_95,0.0,0.0,0.0,0.0,0.0,student_t_95
e119,Qwen-0.5B,MathIR,replay_maxrl_minus_maxrl,ReplayMaxRL,MaxRL,5,5,43;44;45;46;47,43;44;45;46;47,,,0.9578125,0.784765625,0.173046875,-0.2767945280969861,0.6228882780969861,student_t_95,0.959375,0.784765625,0.174609375,-0.2751274238504914,0.6243461738504914,student_t_95,0.0015625,0.0,0.0015625,-0.00277569547687156,0.0059006954768715605,student_t_95
e119,Qwen-0.5B,PantryPlan,replay_drgrpo_minus_drgrpo,ReplayDr.GRPO,Dr.GRPO,1,5,46,,,,0.470703125,0.314453125,0.15625,,,,0.6640625,0.431640625,0.232421875,,,,0.193359375,0.1171875,0.076171875,,,
e119,Qwen-0.5B,PantryPlan,replay_maxrl_minus_maxrl,ReplayMaxRL,MaxRL,0,5,,,,,,,,,,,,,,,,,,,,,,
e120,Qwen-0.5B,Graph,uniform_minus_frequency,Uniform,Frequency,5,5,43;44;45;46;47,43;44;45;46;47,43;44;45;46;47,True,0.969140625,0.903125,0.066015625,0.060546875,0.072265625,paired_bootstrap_percentile_95,2.4375,1.775,0.6625,0.575,0.759765625,paired_bootstrap_percentile_95,1.468359375,0.871875,0.596484375,0.512890625,0.687109375,paired_bootstrap_percentile_95
e120,Qwen-0.5B,Countdown,uniform_minus_frequency,Uniform,Frequency,5,5,43;44;45;46;47,43;44;45;46;47,43;44;45;46;47,True,0.671875,0.65,0.021875,0.004296875,0.040234375,paired_bootstrap_percentile_95,1.63671875,0.976171875,0.660546875,0.550390625,0.770703125,paired_bootstrap_percentile_95,0.96484375,0.326171875,0.638671875,0.544140625,0.733203125,paired_bootstrap_percentile_95
e120,Qwen-0.5B,Python,uniform_minus_frequency,Uniform,Frequency,5,5,43;44;45;46;47,43;44;45;46;47,43;44;45;46;47,True,0.527734375,0.6046875,-0.076953125,-0.70625,0.55234375,paired_bootstrap_percentile_95,0.57109375,0.6109375,-0.03984375,-0.63203125,0.55234375,paired_bootstrap_percentile_95,0.043359375,0.00625,0.037109375,-0.01171875,0.123046875,paired_bootstrap_percentile_95
e120,Qwen-0.5B,MathIR,uniform_minus_frequency,Uniform,Frequency,5,5,43;44;45;46;47,43;44;45;46;47,43;44;45;46;47,True,0.796484375,0.801171875,-0.0046875,-0.084375,0.075,paired_bootstrap_percentile_95,0.828515625,0.8140625,0.014453125,-0.076171875,0.105078125,paired_bootstrap_percentile_95,0.03203125,0.012890625,0.019140625,-0.00078125,0.037890625,paired_bootstrap_percentile_95
e120,Qwen-0.5B,PantryPlan,uniform_minus_frequency,Uniform,Frequency,5,5,43;44;45;46;47,43;44;45;46;47,43;44;45;46;47,True,0.728515625,0.685546875,0.04296875,0.005859375,0.09140625,paired_bootstrap_percentile_95,1.539453125,1.198828125,0.340625,0.198046875,0.47734375,paired_bootstrap_percentile_95,0.8109375,0.51328125,0.29765625,0.173828125,0.400390625,paired_bootstrap_percentile_95
e120,Falcon-1B,Graph,uniform_minus_frequency,Uniform,Frequency,5,5,55;56;57;58;59,55;56;57;58;59,55;56;57;58;59,True,0.80859375,0.76328125,0.0453125,-0.000390625,0.091015625,paired_bootstrap_percentile_95,1.716796875,1.438671875,0.278125,0.184375,0.403515625,paired_bootstrap_percentile_95,0.908203125,0.675390625,0.2328125,0.181640625,0.319921875,paired_bootstrap_percentile_95
e120,Falcon-1B,PantryPlan,uniform_minus_frequency,Uniform,Frequency,5,5,55;56;57;58;59,55;56;57;58;59,55;56;57;58;59,True,0.75078125,0.772265625,-0.021484375,-0.062890625,0.02578125,paired_bootstrap_percentile_95,1.57578125,1.74296875,-0.1671875,-0.626953125,0.43984375,paired_bootstrap_percentile_95,0.825,0.970703125,-0.145703125,-0.5640625,0.4140625,paired_bootstrap_percentile_95
e120,Qwen-3B,Graph,uniform_minus_frequency,Uniform,Frequency,4,5,70;71;72;73,70;71;72;73,70;71;72;73,False,0.83251953125,0.8388671875,-0.00634765625,,,,1.6259765625,1.5625,0.0634765625,,,,0.79345703125,0.7236328125,0.06982421875,,,
e120,Qwen-3B,PantryPlan,uniform_minus_frequency,Uniform,Frequency,2,5,73;74,73;74,73;74,False,0.74609375,0.7392578125,0.0068359375,,,,1.623046875,1.41015625,0.212890625,,,,0.876953125,0.6708984375,0.2060546875,,,
