domain,stage,cohort,arm,metric,training_pass,optimizer_step,seed_43,seed_44,seed_45,seed_46,seed_47,mean,min,max,is_terminal,is_complete_12
Graph coloring,A,gce71,grpo,greedy,0,0,0.3125,0.3125,0.3125,0.3125,0.3125,0.3125,0.3125,0.3125,0,1
Graph coloring,A,gce71,grpo,mean8,0,0,0.19921875,0.19921875,0.1728515625,0.1728515625,0.1728515625,0.1833984375,0.1728515625,0.19921875,0,1
Graph coloring,A,gce71,grpo,pass8,0,0,0.537109375,0.537109375,0.435546875,0.435546875,0.435546875,0.476171875,0.435546875,0.537109375,0,1
Graph coloring,A,gce71,grpo,distinct8,0,0,0.712890625,0.712890625,0.5234375,0.5234375,0.5234375,0.59921875,0.5234375,0.712890625,0,1
Graph coloring,A,gce71,grpo,greedy,3,1152,0.3125,0.3125,0.3125,0.3125,0.265625,0.303125,0.265625,0.3125,0,1
Graph coloring,A,gce71,grpo,mean8,3,1152,0.313720703125,0.31494140625,0.309326171875,0.31494140625,0.280517578125,0.306689453125,0.280517578125,0.31494140625,0,1
Graph coloring,A,gce71,grpo,pass8,3,1152,0.359375,0.328125,0.5078125,0.3203125,0.578125,0.41875,0.3203125,0.578125,0,1
Graph coloring,A,gce71,grpo,distinct8,3,1152,0.359375,0.328125,0.59375,0.3203125,0.65625,0.4515625,0.3203125,0.65625,0,1
Graph coloring,A,gce71,grpo,greedy,6,2304,0.3125,0.3203125,0.3125,0.3125,0.3515625,0.321875,0.3125,0.3515625,0,1
Graph coloring,A,gce71,grpo,mean8,6,2304,0.3134765625,0.318115234375,0.31591796875,0.31494140625,0.3515625,0.322802734375,0.3134765625,0.3515625,0,1
Graph coloring,A,gce71,grpo,pass8,6,2304,0.3203125,0.3203125,0.5078125,0.3203125,0.3515625,0.3640625,0.3203125,0.5078125,0,1
Graph coloring,A,gce71,grpo,distinct8,6,2304,0.3203125,0.3203125,0.5859375,0.3203125,0.3515625,0.3796875,0.3203125,0.5859375,0,1
Graph coloring,A,gce71,grpo,greedy,9,3456,0.3125,0.3203125,0.3203125,0.3125,0.3515625,0.3234375,0.3125,0.3515625,0,1
Graph coloring,A,gce71,grpo,mean8,9,3456,0.31494140625,0.318115234375,0.317138671875,0.31494140625,0.3515625,0.32333984375,0.31494140625,0.3515625,0,1
Graph coloring,A,gce71,grpo,pass8,9,3456,0.3203125,0.3203125,0.3203125,0.3203125,0.3515625,0.3265625,0.3203125,0.3515625,0,1
Graph coloring,A,gce71,grpo,distinct8,9,3456,0.3203125,0.3203125,0.3203125,0.3203125,0.3515625,0.3265625,0.3203125,0.3515625,0,1
Graph coloring,A,gce71,grpo,greedy,12,4608,0.3125,0.3203125,0.3203125,0.3125,0.3515625,0.3234375,0.3125,0.3515625,1,1
Graph coloring,A,gce71,grpo,mean8,12,4608,0.3125,0.315673828125,0.317138671875,0.31494140625,0.3515625,0.32236328125,0.3125,0.3515625,1,1
Graph coloring,A,gce71,grpo,pass8,12,4608,0.3125,0.3203125,0.3203125,0.3203125,0.3515625,0.325,0.3125,0.3515625,1,1
Graph coloring,A,gce71,grpo,distinct8,12,4608,0.3125,0.3203125,0.3203125,0.3203125,0.3515625,0.325,0.3125,0.3515625,1,1
Graph coloring,A,gce71,verified_first_global_replay_canonical,greedy,0,0,0.3125,0.3125,0.3125,0.3125,0.3125,0.3125,0.3125,0.3125,0,1
Graph coloring,A,gce71,verified_first_global_replay_canonical,mean8,0,0,0.19921875,0.1728515625,0.1728515625,0.1728515625,0.1728515625,0.178125,0.1728515625,0.19921875,0,1
Graph coloring,A,gce71,verified_first_global_replay_canonical,pass8,0,0,0.537109375,0.435546875,0.435546875,0.435546875,0.435546875,0.455859375,0.435546875,0.537109375,0,1
Graph coloring,A,gce71,verified_first_global_replay_canonical,distinct8,0,0,0.712890625,0.5234375,0.5234375,0.5234375,0.5234375,0.561328125,0.5234375,0.712890625,0,1
Graph coloring,A,gce71,verified_first_global_replay_canonical,greedy,3,1152,0.515625,0.4296875,0.453125,0.4296875,0.4609375,0.4578125,0.4296875,0.515625,0,1
Graph coloring,A,gce71,verified_first_global_replay_canonical,mean8,3,1152,0.368896484375,0.34423828125,0.346435546875,0.359375,0.338623046875,0.351513671875,0.338623046875,0.368896484375,0,1
Graph coloring,A,gce71,verified_first_global_replay_canonical,pass8,3,1152,0.984375,0.947265625,0.93359375,0.9453125,0.935546875,0.94921875,0.93359375,0.984375,0,1
Graph coloring,A,gce71,verified_first_global_replay_canonical,distinct8,3,1152,2.34375,2.197265625,2.28515625,2.345703125,2.12890625,2.26015625,2.12890625,2.345703125,0,1
Graph coloring,A,gce71,verified_first_global_replay_canonical,greedy,6,2304,0.4921875,0.53125,0.5,0.5078125,0.4765625,0.5015625,0.4765625,0.53125,0,1
Graph coloring,A,gce71,verified_first_global_replay_canonical,mean8,6,2304,0.3671875,0.369384765625,0.363037109375,0.39208984375,0.3427734375,0.36689453125,0.3427734375,0.39208984375,0,1
Graph coloring,A,gce71,verified_first_global_replay_canonical,pass8,6,2304,0.97265625,0.96484375,0.97265625,0.955078125,0.9453125,0.962109375,0.9453125,0.97265625,0,1
Graph coloring,A,gce71,verified_first_global_replay_canonical,distinct8,6,2304,2.412109375,2.3203125,2.380859375,2.43359375,2.23046875,2.35546875,2.23046875,2.43359375,0,1
Graph coloring,A,gce71,verified_first_global_replay_canonical,greedy,9,3456,0.5,0.5,0.4921875,0.5,0.421875,0.4828125,0.421875,0.5,0,1
Graph coloring,A,gce71,verified_first_global_replay_canonical,mean8,9,3456,0.408935546875,0.376220703125,0.407958984375,0.425048828125,0.356689453125,0.394970703125,0.356689453125,0.425048828125,0,1
Graph coloring,A,gce71,verified_first_global_replay_canonical,pass8,9,3456,0.974609375,0.970703125,0.9765625,0.96484375,0.955078125,0.968359375,0.955078125,0.9765625,0,1
Graph coloring,A,gce71,verified_first_global_replay_canonical,distinct8,9,3456,2.5234375,2.443359375,2.666015625,2.607421875,2.236328125,2.4953125,2.236328125,2.666015625,0,1
Graph coloring,A,gce71,verified_first_global_replay_canonical,greedy,12,4608,0.484375,0.4765625,0.4140625,0.421875,0.515625,0.4625,0.4140625,0.515625,1,1
Graph coloring,A,gce71,verified_first_global_replay_canonical,mean8,12,4608,0.432861328125,0.394287109375,0.402099609375,0.4150390625,0.39111328125,0.407080078125,0.39111328125,0.432861328125,1,1
Graph coloring,A,gce71,verified_first_global_replay_canonical,pass8,12,4608,0.970703125,0.955078125,0.970703125,0.94921875,0.95703125,0.960546875,0.94921875,0.970703125,1,1
Graph coloring,A,gce71,verified_first_global_replay_canonical,distinct8,12,4608,2.40625,2.388671875,2.4609375,2.439453125,2.333984375,2.405859375,2.333984375,2.4609375,1,1
Countdown,A,cde70,grpo,greedy,0,0,0.015625,0.015625,0.015625,0.015625,0.0078125,0.0140625,0.0078125,0.015625,0,1
Countdown,A,cde70,grpo,mean8,0,0,0.010986328125,0.010986328125,0.010986328125,0.010986328125,0.017333984375,0.012255859375,0.010986328125,0.017333984375,0,1
Countdown,A,cde70,grpo,pass8,0,0,0.080078125,0.080078125,0.080078125,0.080078125,0.123046875,0.088671875,0.080078125,0.123046875,0,1
Countdown,A,cde70,grpo,distinct8,0,0,0.087890625,0.087890625,0.087890625,0.087890625,0.138671875,0.098046875,0.087890625,0.138671875,0,1
Countdown,A,cde70,grpo,greedy,3,1152,0.328125,0.46875,0.453125,0.53125,0.46875,0.45,0.328125,0.53125,0,1
Countdown,A,cde70,grpo,mean8,3,1152,0.320556640625,0.458251953125,0.45849609375,0.52392578125,0.47216796875,0.4466796875,0.320556640625,0.52392578125,0,1
Countdown,A,cde70,grpo,pass8,3,1152,0.37109375,0.548828125,0.509765625,0.609375,0.5390625,0.515625,0.37109375,0.609375,0,1
Countdown,A,cde70,grpo,distinct8,3,1152,0.400390625,0.64453125,0.509765625,0.703125,0.5625,0.5640625,0.400390625,0.703125,0,1
Countdown,A,cde70,grpo,greedy,6,2304,0.4375,0.609375,0.625,0.625,0.5625,0.571875,0.4375,0.625,0,1
Countdown,A,cde70,grpo,mean8,6,2304,0.437255859375,0.60302734375,0.618408203125,0.62255859375,0.5556640625,0.5673828125,0.437255859375,0.62255859375,0,1
Countdown,A,cde70,grpo,pass8,6,2304,0.4375,0.65234375,0.6328125,0.638671875,0.578125,0.587890625,0.4375,0.65234375,0,1
Countdown,A,cde70,grpo,distinct8,6,2304,0.4453125,0.697265625,0.64453125,0.66796875,0.578125,0.606640625,0.4453125,0.697265625,0,1
Countdown,A,cde70,grpo,greedy,9,3456,0.4375,0.59375,0.6484375,0.6484375,0.5859375,0.5828125,0.4375,0.6484375,0,1
Countdown,A,cde70,grpo,mean8,9,3456,0.4375,0.591552734375,0.6484375,0.642822265625,0.57861328125,0.57978515625,0.4375,0.6484375,0,1
Countdown,A,cde70,grpo,pass8,9,3456,0.4375,0.609375,0.6484375,0.654296875,0.59375,0.588671875,0.4375,0.654296875,0,1
Countdown,A,cde70,grpo,distinct8,9,3456,0.4453125,0.6796875,0.6640625,0.685546875,0.59375,0.613671875,0.4453125,0.685546875,0,1
Countdown,A,cde70,grpo,greedy,12,4608,0.4375,0.5859375,0.6328125,0.65625,0.625,0.5875,0.4375,0.65625,1,1
Countdown,A,cde70,grpo,mean8,12,4608,0.437255859375,0.58447265625,0.635498046875,0.655517578125,0.621826171875,0.5869140625,0.437255859375,0.655517578125,1,1
Countdown,A,cde70,grpo,pass8,12,4608,0.4375,0.6015625,0.6484375,0.65625,0.625,0.59375,0.4375,0.65625,1,1
Countdown,A,cde70,grpo,distinct8,12,4608,0.4453125,0.724609375,0.6484375,0.69140625,0.625,0.626953125,0.4453125,0.724609375,1,1
Countdown,A,cde70,verified_first_global_replay_canonical,greedy,0,0,0.015625,0.015625,0.015625,0.0078125,0.0078125,0.0125,0.0078125,0.015625,0,1
Countdown,A,cde70,verified_first_global_replay_canonical,mean8,0,0,0.010986328125,0.010986328125,0.010986328125,0.017333984375,0.017333984375,0.013525390625,0.010986328125,0.017333984375,0,1
Countdown,A,cde70,verified_first_global_replay_canonical,pass8,0,0,0.080078125,0.080078125,0.080078125,0.123046875,0.123046875,0.097265625,0.080078125,0.123046875,0,1
Countdown,A,cde70,verified_first_global_replay_canonical,distinct8,0,0,0.087890625,0.087890625,0.087890625,0.138671875,0.138671875,0.108203125,0.087890625,0.138671875,0,1
Countdown,A,cde70,verified_first_global_replay_canonical,greedy,3,1152,0.5703125,0.5234375,0.5703125,0.5859375,0.484375,0.546875,0.484375,0.5859375,0,1
Countdown,A,cde70,verified_first_global_replay_canonical,mean8,3,1152,0.498046875,0.425537109375,0.536376953125,0.549072265625,0.450439453125,0.49189453125,0.425537109375,0.549072265625,0,1
Countdown,A,cde70,verified_first_global_replay_canonical,pass8,3,1152,0.658203125,0.662109375,0.65625,0.669921875,0.642578125,0.6578125,0.642578125,0.669921875,0,1
Countdown,A,cde70,verified_first_global_replay_canonical,distinct8,3,1152,1.087890625,1.390625,1.181640625,1.6015625,1.083984375,1.269140625,1.083984375,1.6015625,0,1
Countdown,A,cde70,verified_first_global_replay_canonical,greedy,6,2304,0.5859375,0.625,0.578125,0.609375,0.5859375,0.596875,0.578125,0.625,0,1
Countdown,A,cde70,verified_first_global_replay_canonical,mean8,6,2304,0.552978515625,0.5361328125,0.572998046875,0.580078125,0.532958984375,0.555029296875,0.532958984375,0.580078125,0,1
Countdown,A,cde70,verified_first_global_replay_canonical,pass8,6,2304,0.6875,0.66015625,0.67578125,0.673828125,0.65625,0.670703125,0.65625,0.6875,0,1
Countdown,A,cde70,verified_first_global_replay_canonical,distinct8,6,2304,1.4296875,1.54296875,1.2265625,1.74609375,1.5703125,1.503125,1.2265625,1.74609375,0,1
Countdown,A,cde70,verified_first_global_replay_canonical,greedy,9,3456,0.6171875,0.5859375,0.6171875,0.6171875,0.6171875,0.6109375,0.5859375,0.6171875,0,1
Countdown,A,cde70,verified_first_global_replay_canonical,mean8,9,3456,0.60009765625,0.574951171875,0.578857421875,0.599853515625,0.59130859375,0.589013671875,0.574951171875,0.60009765625,0,1
Countdown,A,cde70,verified_first_global_replay_canonical,pass8,9,3456,0.69140625,0.693359375,0.68359375,0.685546875,0.66796875,0.684375,0.66796875,0.693359375,0,1
Countdown,A,cde70,verified_first_global_replay_canonical,distinct8,9,3456,1.755859375,1.705078125,1.232421875,1.8671875,1.69921875,1.651953125,1.232421875,1.8671875,0,1
Countdown,A,cde70,verified_first_global_replay_canonical,greedy,12,4608,0.5859375,0.625,0.640625,0.640625,0.609375,0.6203125,0.5859375,0.640625,1,1
Countdown,A,cde70,verified_first_global_replay_canonical,mean8,12,4608,0.58056640625,0.617919921875,0.62939453125,0.613525390625,0.6103515625,0.6103515625,0.58056640625,0.62939453125,1,1
Countdown,A,cde70,verified_first_global_replay_canonical,pass8,12,4608,0.705078125,0.701171875,0.71484375,0.671875,0.669921875,0.692578125,0.669921875,0.71484375,1,1
Countdown,A,cde70,verified_first_global_replay_canonical,distinct8,12,4608,1.802734375,2.033203125,1.484375,2.130859375,2.013671875,1.89296875,1.484375,2.130859375,1,1
Python factors,A,pye70,grpo,greedy,0,0,0.0,0.0,0.0,0.0,0.0,0.0,0.0,0.0,0,1
Python factors,A,pye70,grpo,mean8,0,0,0.0,0.0,0.0,0.0,0.0,0.0,0.0,0.0,0,1
Python factors,A,pye70,grpo,pass8,0,0,0.0,0.0,0.0,0.0,0.0,0.0,0.0,0.0,0,1
Python factors,A,pye70,grpo,distinct8,0,0,0.0,0.0,0.0,0.0,0.0,0.0,0.0,0.0,0,1
Python factors,A,pye70,grpo,greedy,3,1152,0.171875,0.171875,0.171875,0.171875,0.171875,0.171875,0.171875,0.171875,0,1
Python factors,A,pye70,grpo,mean8,3,1152,0.171875,0.171875,0.171875,0.171875,0.171875,0.171875,0.171875,0.171875,0,1
Python factors,A,pye70,grpo,pass8,3,1152,0.171875,0.171875,0.171875,0.171875,0.171875,0.171875,0.171875,0.171875,0,1
Python factors,A,pye70,grpo,distinct8,3,1152,0.171875,0.171875,0.171875,0.171875,0.171875,0.171875,0.171875,0.171875,0,1
Python factors,A,pye70,grpo,greedy,6,2304,0.171875,0.171875,0.171875,0.171875,0.171875,0.171875,0.171875,0.171875,0,1
Python factors,A,pye70,grpo,mean8,6,2304,0.171875,0.171875,0.171875,0.171875,0.171875,0.171875,0.171875,0.171875,0,1
Python factors,A,pye70,grpo,pass8,6,2304,0.171875,0.171875,0.171875,0.171875,0.171875,0.171875,0.171875,0.171875,0,1
Python factors,A,pye70,grpo,distinct8,6,2304,0.171875,0.171875,0.171875,0.171875,0.171875,0.171875,0.171875,0.171875,0,1
Python factors,A,pye70,grpo,greedy,9,3456,0.171875,0.171875,0.171875,0.171875,0.171875,0.171875,0.171875,0.171875,0,1
Python factors,A,pye70,grpo,mean8,9,3456,0.171875,0.171875,0.171875,0.171875,0.171875,0.171875,0.171875,0.171875,0,1
Python factors,A,pye70,grpo,pass8,9,3456,0.171875,0.171875,0.171875,0.171875,0.171875,0.171875,0.171875,0.171875,0,1
Python factors,A,pye70,grpo,distinct8,9,3456,0.171875,0.171875,0.171875,0.171875,0.171875,0.171875,0.171875,0.171875,0,1
Python factors,A,pye70,grpo,greedy,12,4608,0.171875,0.171875,0.171875,0.171875,0.171875,0.171875,0.171875,0.171875,1,1
Python factors,A,pye70,grpo,mean8,12,4608,0.171875,0.171875,0.171875,0.171875,0.171875,0.171875,0.171875,0.171875,1,1
Python factors,A,pye70,grpo,pass8,12,4608,0.171875,0.171875,0.171875,0.171875,0.171875,0.171875,0.171875,0.171875,1,1
Python factors,A,pye70,grpo,distinct8,12,4608,0.171875,0.171875,0.171875,0.171875,0.171875,0.171875,0.171875,0.171875,1,1
Python factors,A,pye70,verified_first_global_replay_canonical,greedy,0,0,0.0,0.0,0.0,0.0,0.0,0.0,0.0,0.0,0,1
Python factors,A,pye70,verified_first_global_replay_canonical,mean8,0,0,0.0,0.0,0.0,0.0,0.0,0.0,0.0,0.0,0,1
Python factors,A,pye70,verified_first_global_replay_canonical,pass8,0,0,0.0,0.0,0.0,0.0,0.0,0.0,0.0,0.0,0,1
Python factors,A,pye70,verified_first_global_replay_canonical,distinct8,0,0,0.0,0.0,0.0,0.0,0.0,0.0,0.0,0.0,0,1
Python factors,A,pye70,verified_first_global_replay_canonical,greedy,3,1152,0.6328125,1.0,0.1953125,0.9765625,0.203125,0.6015625,0.1953125,1.0,0,1
Python factors,A,pye70,verified_first_global_replay_canonical,mean8,3,1152,0.6171875,1.0,0.206787109375,0.904541015625,0.20654296875,0.58701171875,0.20654296875,1.0,0,1
Python factors,A,pye70,verified_first_global_replay_canonical,pass8,3,1152,0.66796875,1.0,0.2265625,1.0,0.21875,0.62265625,0.21875,1.0,0,1
Python factors,A,pye70,verified_first_global_replay_canonical,distinct8,3,1152,0.685546875,2.0,0.2265625,1.23046875,0.23046875,0.874609375,0.2265625,2.0,0,1
Python factors,A,pye70,verified_first_global_replay_canonical,greedy,6,2304,0.9921875,1.0,0.21875,1.0,0.21875,0.6859375,0.21875,1.0,0,1
Python factors,A,pye70,verified_first_global_replay_canonical,mean8,6,2304,0.989013671875,1.0,0.208740234375,0.998046875,0.21630859375,0.682421875,0.208740234375,1.0,0,1
Python factors,A,pye70,verified_first_global_replay_canonical,pass8,6,2304,1.0,1.0,0.21875,1.0,0.2265625,0.6890625,0.21875,1.0,0,1
Python factors,A,pye70,verified_first_global_replay_canonical,distinct8,6,2304,2.078125,2.0,0.21875,1.03515625,0.2265625,1.11171875,0.21875,2.078125,0,1
Python factors,A,pye70,verified_first_global_replay_canonical,greedy,9,3456,1.0,1.0,0.203125,1.0,0.2265625,0.6859375,0.203125,1.0,0,1
Python factors,A,pye70,verified_first_global_replay_canonical,mean8,9,3456,0.993408203125,0.997802734375,0.205810546875,0.95654296875,0.216796875,0.674072265625,0.205810546875,0.997802734375,0,1
Python factors,A,pye70,verified_first_global_replay_canonical,pass8,9,3456,1.0,1.0,0.21875,1.0,0.2265625,0.6890625,0.21875,1.0,0,1
Python factors,A,pye70,verified_first_global_replay_canonical,distinct8,9,3456,2.439453125,2.0,0.220703125,2.228515625,0.240234375,1.42578125,0.220703125,2.439453125,0,1
Python factors,A,pye70,verified_first_global_replay_canonical,greedy,12,4608,0.9921875,1.0,0.203125,1.0,0.21875,0.6828125,0.203125,1.0,1,1
Python factors,A,pye70,verified_first_global_replay_canonical,mean8,12,4608,0.99267578125,0.98046875,0.201171875,0.97314453125,0.2216796875,0.673828125,0.201171875,0.99267578125,1,1
Python factors,A,pye70,verified_first_global_replay_canonical,pass8,12,4608,1.0,1.0,0.2109375,1.0,0.2265625,0.6875,0.2109375,1.0,1,1
Python factors,A,pye70,verified_first_global_replay_canonical,distinct8,12,4608,2.619140625,2.19921875,0.2109375,2.712890625,0.2265625,1.59375,0.2109375,2.712890625,1,1
MathIR action menu,A,mie70,grpo,greedy,0,0,0.0546875,0.0546875,0.0625,0.0625,0.0625,0.059375,0.0546875,0.0625,0,1
MathIR action menu,A,mie70,grpo,mean8,0,0,0.035888671875,0.035888671875,0.037841796875,0.037841796875,0.037841796875,0.037060546875,0.035888671875,0.037841796875,0,1
MathIR action menu,A,mie70,grpo,pass8,0,0,0.21484375,0.21484375,0.2265625,0.2265625,0.2265625,0.221875,0.21484375,0.2265625,0,1
MathIR action menu,A,mie70,grpo,distinct8,0,0,0.21484375,0.21484375,0.234375,0.234375,0.234375,0.2265625,0.21484375,0.234375,0,1
MathIR action menu,A,mie70,grpo,greedy,3,1152,0.0859375,0.1328125,0.1328125,0.109375,0.0546875,0.103125,0.0546875,0.1328125,0,1
MathIR action menu,A,mie70,grpo,mean8,3,1152,0.078125,0.08544921875,0.0712890625,0.076416015625,0.09228515625,0.080712890625,0.0712890625,0.09228515625,0,1
MathIR action menu,A,mie70,grpo,pass8,3,1152,0.30078125,0.34765625,0.328125,0.421875,0.3359375,0.346875,0.30078125,0.421875,0,1
MathIR action menu,A,mie70,grpo,distinct8,3,1152,0.31640625,0.37890625,0.349609375,0.458984375,0.33984375,0.36875,0.31640625,0.458984375,0,1
MathIR action menu,A,mie70,grpo,greedy,6,2304,0.34375,0.2421875,0.375,0.203125,0.3046875,0.29375,0.203125,0.375,0,1
MathIR action menu,A,mie70,grpo,mean8,6,2304,0.333740234375,0.257568359375,0.372802734375,0.21435546875,0.307861328125,0.297265625,0.21435546875,0.372802734375,0,1
MathIR action menu,A,mie70,grpo,pass8,6,2304,0.400390625,0.375,0.439453125,0.302734375,0.35546875,0.374609375,0.302734375,0.439453125,0,1
MathIR action menu,A,mie70,grpo,distinct8,6,2304,0.400390625,0.375,0.439453125,0.302734375,0.35546875,0.374609375,0.302734375,0.439453125,0,1
MathIR action menu,A,mie70,grpo,greedy,9,3456,0.53125,0.484375,0.53125,0.546875,0.40625,0.5,0.40625,0.546875,0,1
MathIR action menu,A,mie70,grpo,mean8,9,3456,0.52685546875,0.48876953125,0.535888671875,0.53564453125,0.42724609375,0.502880859375,0.42724609375,0.535888671875,0,1
MathIR action menu,A,mie70,grpo,pass8,9,3456,0.578125,0.53515625,0.5546875,0.587890625,0.478515625,0.546875,0.478515625,0.587890625,0,1
MathIR action menu,A,mie70,grpo,distinct8,9,3456,0.578125,0.53515625,0.5546875,0.587890625,0.478515625,0.546875,0.478515625,0.587890625,0,1
MathIR action menu,A,mie70,grpo,greedy,12,4608,0.625,0.578125,0.71875,0.78125,0.5234375,0.6453125,0.5234375,0.78125,1,1
MathIR action menu,A,mie70,grpo,mean8,12,4608,0.62451171875,0.572265625,0.719970703125,0.78125,0.52001953125,0.643603515625,0.52001953125,0.78125,1,1
MathIR action menu,A,mie70,grpo,pass8,12,4608,0.6796875,0.6015625,0.73828125,0.78125,0.53125,0.66640625,0.53125,0.78125,1,1
MathIR action menu,A,mie70,grpo,distinct8,12,4608,0.6796875,0.6015625,0.73828125,0.78125,0.53125,0.66640625,0.53125,0.78125,1,1
MathIR action menu,A,mie70,verified_first_global_replay_canonical,greedy,0,0,0.0546875,0.0546875,0.0546875,0.0625,0.0625,0.0578125,0.0546875,0.0625,0,1
MathIR action menu,A,mie70,verified_first_global_replay_canonical,mean8,0,0,0.035888671875,0.035888671875,0.035888671875,0.037841796875,0.037841796875,0.036669921875,0.035888671875,0.037841796875,0,1
MathIR action menu,A,mie70,verified_first_global_replay_canonical,pass8,0,0,0.21484375,0.21484375,0.21484375,0.2265625,0.2265625,0.21953125,0.21484375,0.2265625,0,1
MathIR action menu,A,mie70,verified_first_global_replay_canonical,distinct8,0,0,0.21484375,0.21484375,0.21484375,0.234375,0.234375,0.22265625,0.21484375,0.234375,0,1
MathIR action menu,A,mie70,verified_first_global_replay_canonical,greedy,3,1152,0.2421875,0.2578125,0.3359375,0.234375,0.3671875,0.2875,0.234375,0.3671875,0,1
MathIR action menu,A,mie70,verified_first_global_replay_canonical,mean8,3,1152,0.201171875,0.207763671875,0.302978515625,0.211669921875,0.34619140625,0.253955078125,0.201171875,0.34619140625,0,1
MathIR action menu,A,mie70,verified_first_global_replay_canonical,pass8,3,1152,0.46875,0.541015625,0.533203125,0.44140625,0.591796875,0.515234375,0.44140625,0.591796875,0,1
MathIR action menu,A,mie70,verified_first_global_replay_canonical,distinct8,3,1152,0.484375,0.548828125,0.544921875,0.44921875,0.591796875,0.523828125,0.44921875,0.591796875,0,1
MathIR action menu,A,mie70,verified_first_global_replay_canonical,greedy,6,2304,0.5625,0.640625,0.6796875,0.5546875,0.703125,0.628125,0.5546875,0.703125,0,1
MathIR action menu,A,mie70,verified_first_global_replay_canonical,mean8,6,2304,0.56787109375,0.6259765625,0.63671875,0.5380859375,0.66162109375,0.6060546875,0.5380859375,0.66162109375,0,1
MathIR action menu,A,mie70,verified_first_global_replay_canonical,pass8,6,2304,0.75390625,0.7578125,0.783203125,0.685546875,0.822265625,0.760546875,0.685546875,0.822265625,0,1
MathIR action menu,A,mie70,verified_first_global_replay_canonical,distinct8,6,2304,0.775390625,0.763671875,0.80859375,0.697265625,0.8828125,0.785546875,0.697265625,0.8828125,0,1
MathIR action menu,A,mie70,verified_first_global_replay_canonical,greedy,9,3456,0.6796875,0.6796875,0.7890625,0.75,0.78125,0.7359375,0.6796875,0.7890625,0,1
MathIR action menu,A,mie70,verified_first_global_replay_canonical,mean8,9,3456,0.652587890625,0.65966796875,0.7529296875,0.720458984375,0.752197265625,0.707568359375,0.652587890625,0.7529296875,0,1
MathIR action menu,A,mie70,verified_first_global_replay_canonical,pass8,9,3456,0.78515625,0.814453125,0.87890625,0.880859375,0.859375,0.84375,0.78515625,0.880859375,0,1
MathIR action menu,A,mie70,verified_first_global_replay_canonical,distinct8,9,3456,0.82421875,0.8828125,0.921875,0.912109375,0.962890625,0.90078125,0.82421875,0.962890625,0,1
MathIR action menu,A,mie70,verified_first_global_replay_canonical,greedy,12,4608,0.7890625,0.7265625,0.8125,0.6875,0.8125,0.765625,0.6875,0.8125,1,1
MathIR action menu,A,mie70,verified_first_global_replay_canonical,mean8,12,4608,0.73291015625,0.69580078125,0.7841796875,0.6748046875,0.788818359375,0.735302734375,0.6748046875,0.788818359375,1,1
MathIR action menu,A,mie70,verified_first_global_replay_canonical,pass8,12,4608,0.826171875,0.87890625,0.9140625,0.806640625,0.908203125,0.866796875,0.806640625,0.9140625,1,1
MathIR action menu,A,mie70,verified_first_global_replay_canonical,distinct8,12,4608,0.849609375,0.96875,0.98828125,0.845703125,0.9765625,0.92578125,0.845703125,0.98828125,1,1
PantryPlan,B,ppe71,grpo,greedy,0,0,0.359375,0.359375,0.40625,0.40625,0.40625,0.3875,0.359375,0.40625,0,1
PantryPlan,B,ppe71,grpo,mean8,0,0,0.3447265625,0.3447265625,0.3427734375,0.3427734375,0.3427734375,0.3435546875,0.3427734375,0.3447265625,0,1
PantryPlan,B,ppe71,grpo,pass8,0,0,0.900390625,0.900390625,0.90234375,0.90234375,0.90234375,0.9015625,0.900390625,0.90234375,0,1
PantryPlan,B,ppe71,grpo,distinct8,0,0,2.435546875,2.435546875,2.419921875,2.419921875,2.419921875,2.426171875,2.419921875,2.435546875,0,1
PantryPlan,B,ppe71,grpo,greedy,3,1152,0.53125,0.53125,0.53125,0.484375,0.53125,0.521875,0.484375,0.53125,0,1
PantryPlan,B,ppe71,grpo,mean8,3,1152,0.53125,0.53125,0.53125,0.484375,0.53125,0.521875,0.484375,0.53125,0,1
PantryPlan,B,ppe71,grpo,pass8,3,1152,0.53125,0.53125,0.53125,0.484375,0.53125,0.521875,0.484375,0.53125,0,1
PantryPlan,B,ppe71,grpo,distinct8,3,1152,0.53125,0.53125,0.53125,0.484375,0.53125,0.521875,0.484375,0.53125,0,1
PantryPlan,B,ppe71,grpo,greedy,6,2304,0.53125,0.53125,0.53125,0.484375,0.53125,0.521875,0.484375,0.53125,0,1
PantryPlan,B,ppe71,grpo,mean8,6,2304,0.53125,0.53125,0.53125,0.484375,0.53125,0.521875,0.484375,0.53125,0,1
PantryPlan,B,ppe71,grpo,pass8,6,2304,0.53125,0.53125,0.53125,0.484375,0.53125,0.521875,0.484375,0.53125,0,1
PantryPlan,B,ppe71,grpo,distinct8,6,2304,0.53125,0.53125,0.53125,0.484375,0.53125,0.521875,0.484375,0.53125,0,1
PantryPlan,B,ppe71,grpo,greedy,9,3456,0.53125,0.53125,0.53125,0.484375,0.53125,0.521875,0.484375,0.53125,0,1
PantryPlan,B,ppe71,grpo,mean8,9,3456,0.53125,0.53125,0.53125,0.484375,0.53125,0.521875,0.484375,0.53125,0,1
PantryPlan,B,ppe71,grpo,pass8,9,3456,0.53125,0.53125,0.53125,0.484375,0.53125,0.521875,0.484375,0.53125,0,1
PantryPlan,B,ppe71,grpo,distinct8,9,3456,0.53125,0.53125,0.53125,0.484375,0.53125,0.521875,0.484375,0.53125,0,1
PantryPlan,B,ppe71,grpo,greedy,12,4608,0.546875,0.53125,0.53125,0.484375,0.53125,0.525,0.484375,0.546875,1,1
PantryPlan,B,ppe71,grpo,mean8,12,4608,0.542724609375,0.53125,0.53125,0.484375,0.53125,0.524169921875,0.484375,0.542724609375,1,1
PantryPlan,B,ppe71,grpo,pass8,12,4608,0.703125,0.53125,0.53125,0.484375,0.53125,0.55625,0.484375,0.703125,1,1
PantryPlan,B,ppe71,grpo,distinct8,12,4608,1.08984375,0.53125,0.53125,0.484375,0.53125,0.63359375,0.484375,1.08984375,1,1
PantryPlan,B,ppe71,verified_first_global_replay_canonical,greedy,0,0,0.359375,0.359375,0.40625,0.40625,0.40625,0.3875,0.359375,0.40625,0,1
PantryPlan,B,ppe71,verified_first_global_replay_canonical,mean8,0,0,0.3447265625,0.3447265625,0.3427734375,0.3427734375,0.3427734375,0.3435546875,0.3427734375,0.3447265625,0,1
PantryPlan,B,ppe71,verified_first_global_replay_canonical,pass8,0,0,0.900390625,0.900390625,0.90234375,0.90234375,0.90234375,0.9015625,0.900390625,0.90234375,0,1
PantryPlan,B,ppe71,verified_first_global_replay_canonical,distinct8,0,0,2.435546875,2.435546875,2.419921875,2.419921875,2.419921875,2.426171875,2.419921875,2.435546875,0,1
PantryPlan,B,ppe71,verified_first_global_replay_canonical,greedy,3,1152,0.6328125,0.6328125,0.6328125,0.609375,0.5234375,0.60625,0.5234375,0.6328125,0,1
PantryPlan,B,ppe71,verified_first_global_replay_canonical,mean8,3,1152,0.5712890625,0.526123046875,0.49267578125,0.470458984375,0.437255859375,0.499560546875,0.437255859375,0.5712890625,0,1
PantryPlan,B,ppe71,verified_first_global_replay_canonical,pass8,3,1152,0.841796875,0.853515625,0.94140625,0.91796875,0.892578125,0.889453125,0.841796875,0.94140625,0,1
PantryPlan,B,ppe71,verified_first_global_replay_canonical,distinct8,3,1152,2.017578125,2.646484375,3.509765625,2.671875,2.767578125,2.72265625,2.017578125,3.509765625,0,1
PantryPlan,B,ppe71,verified_first_global_replay_canonical,greedy,6,2304,0.5859375,0.6171875,0.625,0.625,0.6328125,0.6171875,0.5859375,0.6328125,0,1
PantryPlan,B,ppe71,verified_first_global_replay_canonical,mean8,6,2304,0.526611328125,0.543701171875,0.533935546875,0.54052734375,0.521484375,0.533251953125,0.521484375,0.543701171875,0,1
PantryPlan,B,ppe71,verified_first_global_replay_canonical,pass8,6,2304,0.841796875,0.875,0.916015625,0.86328125,0.880859375,0.875390625,0.841796875,0.916015625,0,1
PantryPlan,B,ppe71,verified_first_global_replay_canonical,distinct8,6,2304,2.87890625,2.56640625,2.814453125,2.5625,2.53515625,2.671484375,2.53515625,2.87890625,0,1
PantryPlan,B,ppe71,verified_first_global_replay_canonical,greedy,9,3456,0.484375,0.609375,0.578125,0.5234375,0.6328125,0.565625,0.484375,0.6328125,0,1
PantryPlan,B,ppe71,verified_first_global_replay_canonical,mean8,9,3456,0.46826171875,0.590576171875,0.526611328125,0.52197265625,0.598876953125,0.541259765625,0.46826171875,0.598876953125,0,1
PantryPlan,B,ppe71,verified_first_global_replay_canonical,pass8,9,3456,0.8671875,0.8046875,0.908203125,0.8984375,0.74609375,0.844921875,0.74609375,0.908203125,0,1
PantryPlan,B,ppe71,verified_first_global_replay_canonical,distinct8,9,3456,2.76953125,1.759765625,2.482421875,2.6796875,1.5,2.23828125,1.5,2.76953125,0,1
PantryPlan,B,ppe71,verified_first_global_replay_canonical,greedy,12,4608,0.640625,0.6328125,0.6171875,0.5703125,0.5625,0.6046875,0.5625,0.640625,1,1
PantryPlan,B,ppe71,verified_first_global_replay_canonical,mean8,12,4608,0.583984375,0.5810546875,0.571533203125,0.551513671875,0.544189453125,0.566455078125,0.544189453125,0.583984375,1,1
PantryPlan,B,ppe71,verified_first_global_replay_canonical,pass8,12,4608,0.86328125,0.814453125,0.857421875,0.892578125,0.91796875,0.869140625,0.814453125,0.91796875,1,1
PantryPlan,B,ppe71,verified_first_global_replay_canonical,distinct8,12,4608,2.2109375,1.884765625,1.970703125,2.50390625,2.359375,2.1859375,1.884765625,2.50390625,1,1
