level,scale,domain,method,seed,checkpoint_0,checkpoint_3072,sample_issue_count,sample_issues
level1,falcon1b,countdown,drgrpo,55,True,True,0,[]
level1,falcon1b,countdown,drgrpo,56,True,True,0,[]
level1,falcon1b,countdown,drgrpo,57,True,True,0,[]
level1,falcon1b,countdown,drgrpo,58,True,True,0,[]
level1,falcon1b,countdown,drgrpo,59,True,True,0,[]
level1,falcon1b,countdown,maxrl,55,True,True,0,[]
level1,falcon1b,countdown,maxrl,56,False,True,1,"[{""kind"": ""not_admitted_in_frozen_snapshot"", ""step"": 0}]"
level1,falcon1b,countdown,maxrl,57,True,True,0,[]
level1,falcon1b,countdown,maxrl,58,False,True,1,"[{""kind"": ""not_admitted_in_frozen_snapshot"", ""step"": 0}]"
level1,falcon1b,countdown,maxrl,59,False,True,1,"[{""kind"": ""not_admitted_in_frozen_snapshot"", ""step"": 0}]"
level1,falcon1b,countdown,replay_drgrpo,55,True,True,0,[]
level1,falcon1b,countdown,replay_drgrpo,56,True,True,0,[]
level1,falcon1b,countdown,replay_drgrpo,57,True,True,0,[]
level1,falcon1b,countdown,replay_drgrpo,58,True,True,0,[]
level1,falcon1b,countdown,replay_drgrpo,59,False,False,2,"[{""kind"": ""not_admitted_in_frozen_snapshot"", ""step"": 0}, {""kind"": ""not_admitted_in_frozen_snapshot"", ""step"": 3072}]"
level1,falcon1b,countdown,replay_maxrl,55,True,True,0,[]
level1,falcon1b,countdown,replay_maxrl,56,False,True,1,"[{""kind"": ""not_admitted_in_frozen_snapshot"", ""step"": 0}]"
level1,falcon1b,countdown,replay_maxrl,57,False,True,1,"[{""kind"": ""not_admitted_in_frozen_snapshot"", ""step"": 0}]"
level1,falcon1b,countdown,replay_maxrl,58,False,True,1,"[{""kind"": ""not_admitted_in_frozen_snapshot"", ""step"": 0}]"
level1,falcon1b,countdown,replay_maxrl,59,False,True,1,"[{""kind"": ""not_admitted_in_frozen_snapshot"", ""step"": 0}]"
level1,falcon1b,graph_coloring,drgrpo,55,True,True,0,[]
level1,falcon1b,graph_coloring,drgrpo,56,True,True,0,[]
level1,falcon1b,graph_coloring,drgrpo,57,True,True,0,[]
level1,falcon1b,graph_coloring,drgrpo,58,True,True,0,[]
level1,falcon1b,graph_coloring,drgrpo,59,True,True,0,[]
level1,falcon1b,graph_coloring,maxrl,55,False,True,1,"[{""kind"": ""not_admitted_in_frozen_snapshot"", ""step"": 0}]"
level1,falcon1b,graph_coloring,maxrl,56,True,True,0,[]
level1,falcon1b,graph_coloring,maxrl,57,True,True,0,[]
level1,falcon1b,graph_coloring,maxrl,58,False,True,1,"[{""kind"": ""not_admitted_in_frozen_snapshot"", ""step"": 0}]"
level1,falcon1b,graph_coloring,maxrl,59,True,True,0,[]
level1,falcon1b,graph_coloring,replay_drgrpo,55,True,True,0,[]
level1,falcon1b,graph_coloring,replay_drgrpo,56,True,True,0,[]
level1,falcon1b,graph_coloring,replay_drgrpo,57,True,True,0,[]
level1,falcon1b,graph_coloring,replay_drgrpo,58,True,True,0,[]
level1,falcon1b,graph_coloring,replay_drgrpo,59,True,True,0,[]
level1,falcon1b,graph_coloring,replay_maxrl,55,False,True,1,"[{""kind"": ""not_admitted_in_frozen_snapshot"", ""step"": 0}]"
level1,falcon1b,graph_coloring,replay_maxrl,56,True,True,0,[]
level1,falcon1b,graph_coloring,replay_maxrl,57,True,True,0,[]
level1,falcon1b,graph_coloring,replay_maxrl,58,False,True,1,"[{""kind"": ""not_admitted_in_frozen_snapshot"", ""step"": 0}]"
level1,falcon1b,graph_coloring,replay_maxrl,59,False,True,1,"[{""kind"": ""not_admitted_in_frozen_snapshot"", ""step"": 0}]"
level1,falcon1b,mathir,drgrpo,55,True,True,0,[]
level1,falcon1b,mathir,drgrpo,56,True,True,0,[]
level1,falcon1b,mathir,drgrpo,57,True,True,0,[]
level1,falcon1b,mathir,drgrpo,58,True,True,0,[]
level1,falcon1b,mathir,drgrpo,59,True,True,0,[]
level1,falcon1b,mathir,maxrl,55,False,True,1,"[{""kind"": ""not_admitted_in_frozen_snapshot"", ""step"": 0}]"
level1,falcon1b,mathir,maxrl,56,False,True,1,"[{""kind"": ""not_admitted_in_frozen_snapshot"", ""step"": 0}]"
level1,falcon1b,mathir,maxrl,57,True,True,0,[]
level1,falcon1b,mathir,maxrl,58,False,True,1,"[{""kind"": ""not_admitted_in_frozen_snapshot"", ""step"": 0}]"
level1,falcon1b,mathir,maxrl,59,False,True,1,"[{""kind"": ""not_admitted_in_frozen_snapshot"", ""step"": 0}]"
level1,falcon1b,mathir,replay_drgrpo,55,True,True,0,[]
level1,falcon1b,mathir,replay_drgrpo,56,True,True,0,[]
level1,falcon1b,mathir,replay_drgrpo,57,True,True,0,[]
level1,falcon1b,mathir,replay_drgrpo,58,True,True,0,[]
level1,falcon1b,mathir,replay_drgrpo,59,True,True,0,[]
level1,falcon1b,mathir,replay_maxrl,55,False,True,1,"[{""kind"": ""not_admitted_in_frozen_snapshot"", ""step"": 0}]"
level1,falcon1b,mathir,replay_maxrl,56,True,True,0,[]
level1,falcon1b,mathir,replay_maxrl,57,True,True,0,[]
level1,falcon1b,mathir,replay_maxrl,58,False,True,1,"[{""kind"": ""not_admitted_in_frozen_snapshot"", ""step"": 0}]"
level1,falcon1b,mathir,replay_maxrl,59,False,True,1,"[{""kind"": ""not_admitted_in_frozen_snapshot"", ""step"": 0}]"
level1,falcon1b,pantry_plan,drgrpo,55,True,True,0,[]
level1,falcon1b,pantry_plan,drgrpo,56,True,True,0,[]
level1,falcon1b,pantry_plan,drgrpo,57,True,True,0,[]
level1,falcon1b,pantry_plan,drgrpo,58,True,True,0,[]
level1,falcon1b,pantry_plan,drgrpo,59,True,True,0,[]
level1,falcon1b,pantry_plan,maxrl,55,True,True,0,[]
level1,falcon1b,pantry_plan,maxrl,56,False,True,1,"[{""kind"": ""not_admitted_in_frozen_snapshot"", ""step"": 0}]"
level1,falcon1b,pantry_plan,maxrl,57,False,True,1,"[{""kind"": ""not_admitted_in_frozen_snapshot"", ""step"": 0}]"
level1,falcon1b,pantry_plan,maxrl,58,False,True,1,"[{""kind"": ""not_admitted_in_frozen_snapshot"", ""step"": 0}]"
level1,falcon1b,pantry_plan,maxrl,59,False,True,1,"[{""kind"": ""not_admitted_in_frozen_snapshot"", ""step"": 0}]"
level1,falcon1b,pantry_plan,replay_drgrpo,55,False,True,1,"[{""kind"": ""raw_sample_integrity_failure"", ""reason"": ""metric-equivalent duplicate origins have conflicting raw response payloads"", ""step"": 0}]"
level1,falcon1b,pantry_plan,replay_drgrpo,56,True,True,0,[]
level1,falcon1b,pantry_plan,replay_drgrpo,57,True,True,0,[]
level1,falcon1b,pantry_plan,replay_drgrpo,58,True,True,0,[]
level1,falcon1b,pantry_plan,replay_drgrpo,59,True,True,0,[]
level1,falcon1b,pantry_plan,replay_maxrl,55,True,True,0,[]
level1,falcon1b,pantry_plan,replay_maxrl,56,False,True,1,"[{""kind"": ""not_admitted_in_frozen_snapshot"", ""step"": 0}]"
level1,falcon1b,pantry_plan,replay_maxrl,57,False,True,1,"[{""kind"": ""not_admitted_in_frozen_snapshot"", ""step"": 0}]"
level1,falcon1b,pantry_plan,replay_maxrl,58,True,True,0,[]
level1,falcon1b,pantry_plan,replay_maxrl,59,False,True,1,"[{""kind"": ""not_admitted_in_frozen_snapshot"", ""step"": 0}]"
level1,falcon1b,python_factors,drgrpo,55,True,True,0,[]
level1,falcon1b,python_factors,drgrpo,56,True,True,0,[]
level1,falcon1b,python_factors,drgrpo,57,True,True,0,[]
level1,falcon1b,python_factors,drgrpo,58,True,True,0,[]
level1,falcon1b,python_factors,drgrpo,59,True,True,0,[]
level1,falcon1b,python_factors,maxrl,55,False,True,1,"[{""kind"": ""raw_sample_integrity_failure"", ""reason"": ""metric-equivalent duplicate origins have conflicting raw response payloads"", ""step"": 0}]"
level1,falcon1b,python_factors,maxrl,56,True,True,0,[]
level1,falcon1b,python_factors,maxrl,57,False,True,1,"[{""kind"": ""raw_sample_integrity_failure"", ""reason"": ""metric-equivalent duplicate origins have conflicting raw response payloads"", ""step"": 0}]"
level1,falcon1b,python_factors,maxrl,58,False,True,1,"[{""kind"": ""raw_sample_integrity_failure"", ""reason"": ""metric-equivalent duplicate origins have conflicting raw response payloads"", ""step"": 0}]"
level1,falcon1b,python_factors,maxrl,59,False,True,1,"[{""kind"": ""raw_sample_integrity_failure"", ""reason"": ""metric-equivalent duplicate origins have conflicting raw response payloads"", ""step"": 0}]"
level1,falcon1b,python_factors,replay_drgrpo,55,True,True,0,[]
level1,falcon1b,python_factors,replay_drgrpo,56,True,True,0,[]
level1,falcon1b,python_factors,replay_drgrpo,57,True,True,0,[]
level1,falcon1b,python_factors,replay_drgrpo,58,True,True,0,[]
level1,falcon1b,python_factors,replay_drgrpo,59,True,True,0,[]
level1,falcon1b,python_factors,replay_maxrl,55,False,True,1,"[{""kind"": ""raw_sample_integrity_failure"", ""reason"": ""metric-equivalent duplicate origins have conflicting raw response payloads"", ""step"": 0}]"
level1,falcon1b,python_factors,replay_maxrl,56,False,True,1,"[{""kind"": ""raw_sample_integrity_failure"", ""reason"": ""metric-equivalent duplicate origins have conflicting raw response payloads"", ""step"": 0}]"
level1,falcon1b,python_factors,replay_maxrl,57,False,True,1,"[{""kind"": ""raw_sample_integrity_failure"", ""reason"": ""metric-equivalent duplicate origins have conflicting raw response payloads"", ""step"": 0}]"
level1,falcon1b,python_factors,replay_maxrl,58,False,True,1,"[{""kind"": ""raw_sample_integrity_failure"", ""reason"": ""metric-equivalent duplicate origins have conflicting raw response payloads"", ""step"": 0}]"
level1,falcon1b,python_factors,replay_maxrl,59,False,True,1,"[{""kind"": ""raw_sample_integrity_failure"", ""reason"": ""metric-equivalent duplicate origins have conflicting raw response payloads"", ""step"": 0}]"
level1,qwen05b,countdown,drgrpo,43,True,True,0,[]
level1,qwen05b,countdown,drgrpo,44,True,True,0,[]
level1,qwen05b,countdown,drgrpo,45,True,True,0,[]
level1,qwen05b,countdown,drgrpo,46,True,True,0,[]
level1,qwen05b,countdown,drgrpo,47,True,True,0,[]
level1,qwen05b,countdown,maxrl,43,True,True,0,[]
level1,qwen05b,countdown,maxrl,44,True,True,0,[]
level1,qwen05b,countdown,maxrl,45,True,True,0,[]
level1,qwen05b,countdown,maxrl,46,True,True,0,[]
level1,qwen05b,countdown,maxrl,47,True,True,0,[]
level1,qwen05b,countdown,replay_drgrpo,43,True,True,0,[]
level1,qwen05b,countdown,replay_drgrpo,44,True,True,0,[]
level1,qwen05b,countdown,replay_drgrpo,45,True,True,0,[]
level1,qwen05b,countdown,replay_drgrpo,46,True,True,0,[]
level1,qwen05b,countdown,replay_drgrpo,47,True,True,0,[]
level1,qwen05b,countdown,replay_maxrl,43,True,True,0,[]
level1,qwen05b,countdown,replay_maxrl,44,True,True,0,[]
level1,qwen05b,countdown,replay_maxrl,45,True,True,0,[]
level1,qwen05b,countdown,replay_maxrl,46,True,True,0,[]
level1,qwen05b,countdown,replay_maxrl,47,True,True,0,[]
level1,qwen05b,graph_coloring,drgrpo,43,True,True,0,[]
level1,qwen05b,graph_coloring,drgrpo,44,True,True,0,[]
level1,qwen05b,graph_coloring,drgrpo,45,True,True,0,[]
level1,qwen05b,graph_coloring,drgrpo,46,True,True,0,[]
level1,qwen05b,graph_coloring,drgrpo,47,True,True,0,[]
level1,qwen05b,graph_coloring,maxrl,43,True,True,0,[]
level1,qwen05b,graph_coloring,maxrl,44,True,True,0,[]
level1,qwen05b,graph_coloring,maxrl,45,True,True,0,[]
level1,qwen05b,graph_coloring,maxrl,46,True,True,0,[]
level1,qwen05b,graph_coloring,maxrl,47,True,True,0,[]
level1,qwen05b,graph_coloring,replay_drgrpo,43,True,True,0,[]
level1,qwen05b,graph_coloring,replay_drgrpo,44,True,True,0,[]
level1,qwen05b,graph_coloring,replay_drgrpo,45,True,True,0,[]
level1,qwen05b,graph_coloring,replay_drgrpo,46,True,True,0,[]
level1,qwen05b,graph_coloring,replay_drgrpo,47,True,True,0,[]
level1,qwen05b,graph_coloring,replay_maxrl,43,True,True,0,[]
level1,qwen05b,graph_coloring,replay_maxrl,44,True,True,0,[]
level1,qwen05b,graph_coloring,replay_maxrl,45,True,True,0,[]
level1,qwen05b,graph_coloring,replay_maxrl,46,True,True,0,[]
level1,qwen05b,graph_coloring,replay_maxrl,47,True,True,0,[]
level1,qwen05b,mathir,drgrpo,43,True,True,0,[]
level1,qwen05b,mathir,drgrpo,44,True,True,0,[]
level1,qwen05b,mathir,drgrpo,45,True,True,0,[]
level1,qwen05b,mathir,drgrpo,46,True,True,0,[]
level1,qwen05b,mathir,drgrpo,47,True,True,0,[]
level1,qwen05b,mathir,maxrl,43,True,True,0,[]
level1,qwen05b,mathir,maxrl,44,True,True,0,[]
level1,qwen05b,mathir,maxrl,45,True,True,0,[]
level1,qwen05b,mathir,maxrl,46,True,True,0,[]
level1,qwen05b,mathir,maxrl,47,True,True,0,[]
level1,qwen05b,mathir,replay_drgrpo,43,True,True,0,[]
level1,qwen05b,mathir,replay_drgrpo,44,True,True,0,[]
level1,qwen05b,mathir,replay_drgrpo,45,True,True,0,[]
level1,qwen05b,mathir,replay_drgrpo,46,True,True,0,[]
level1,qwen05b,mathir,replay_drgrpo,47,True,True,0,[]
level1,qwen05b,mathir,replay_maxrl,43,True,True,0,[]
level1,qwen05b,mathir,replay_maxrl,44,True,True,0,[]
level1,qwen05b,mathir,replay_maxrl,45,True,True,0,[]
level1,qwen05b,mathir,replay_maxrl,46,True,True,0,[]
level1,qwen05b,mathir,replay_maxrl,47,True,True,0,[]
level1,qwen05b,pantry_plan,drgrpo,43,True,True,0,[]
level1,qwen05b,pantry_plan,drgrpo,44,True,True,0,[]
level1,qwen05b,pantry_plan,drgrpo,45,True,True,0,[]
level1,qwen05b,pantry_plan,drgrpo,46,True,True,0,[]
level1,qwen05b,pantry_plan,drgrpo,47,True,True,0,[]
level1,qwen05b,pantry_plan,maxrl,43,True,True,0,[]
level1,qwen05b,pantry_plan,maxrl,44,True,True,0,[]
level1,qwen05b,pantry_plan,maxrl,45,True,True,0,[]
level1,qwen05b,pantry_plan,maxrl,46,True,True,0,[]
level1,qwen05b,pantry_plan,maxrl,47,True,True,0,[]
level1,qwen05b,pantry_plan,replay_drgrpo,43,True,True,0,[]
level1,qwen05b,pantry_plan,replay_drgrpo,44,True,True,0,[]
level1,qwen05b,pantry_plan,replay_drgrpo,45,True,True,0,[]
level1,qwen05b,pantry_plan,replay_drgrpo,46,True,True,0,[]
level1,qwen05b,pantry_plan,replay_drgrpo,47,True,True,0,[]
level1,qwen05b,pantry_plan,replay_maxrl,43,True,True,0,[]
level1,qwen05b,pantry_plan,replay_maxrl,44,True,True,0,[]
level1,qwen05b,pantry_plan,replay_maxrl,45,True,True,0,[]
level1,qwen05b,pantry_plan,replay_maxrl,46,True,True,0,[]
level1,qwen05b,pantry_plan,replay_maxrl,47,True,True,0,[]
level1,qwen05b,python_factors,drgrpo,43,True,True,0,[]
level1,qwen05b,python_factors,drgrpo,44,True,True,0,[]
level1,qwen05b,python_factors,drgrpo,45,True,True,0,[]
level1,qwen05b,python_factors,drgrpo,46,True,True,0,[]
level1,qwen05b,python_factors,drgrpo,47,True,True,0,[]
level1,qwen05b,python_factors,maxrl,43,True,True,0,[]
level1,qwen05b,python_factors,maxrl,44,True,True,0,[]
level1,qwen05b,python_factors,maxrl,45,True,True,0,[]
level1,qwen05b,python_factors,maxrl,46,True,True,0,[]
level1,qwen05b,python_factors,maxrl,47,True,True,0,[]
level1,qwen05b,python_factors,replay_drgrpo,43,True,True,0,[]
level1,qwen05b,python_factors,replay_drgrpo,44,True,True,0,[]
level1,qwen05b,python_factors,replay_drgrpo,45,True,True,0,[]
level1,qwen05b,python_factors,replay_drgrpo,46,True,True,0,[]
level1,qwen05b,python_factors,replay_drgrpo,47,True,True,0,[]
level1,qwen05b,python_factors,replay_maxrl,43,True,True,0,[]
level1,qwen05b,python_factors,replay_maxrl,44,True,True,0,[]
level1,qwen05b,python_factors,replay_maxrl,45,True,True,0,[]
level1,qwen05b,python_factors,replay_maxrl,46,True,True,0,[]
level1,qwen05b,python_factors,replay_maxrl,47,True,True,0,[]
level1,qwen3b,countdown,drgrpo,70,True,True,0,[]
level1,qwen3b,countdown,drgrpo,71,True,True,0,[]
level1,qwen3b,countdown,drgrpo,72,True,True,0,[]
level1,qwen3b,countdown,drgrpo,73,True,True,0,[]
level1,qwen3b,countdown,drgrpo,74,True,True,0,[]
level1,qwen3b,countdown,maxrl,70,True,True,0,[]
level1,qwen3b,countdown,maxrl,71,True,True,0,[]
level1,qwen3b,countdown,maxrl,72,True,True,0,[]
level1,qwen3b,countdown,maxrl,73,True,True,0,[]
level1,qwen3b,countdown,maxrl,74,True,True,0,[]
level1,qwen3b,countdown,replay_drgrpo,70,True,True,0,[]
level1,qwen3b,countdown,replay_drgrpo,71,True,True,0,[]
level1,qwen3b,countdown,replay_drgrpo,72,True,True,0,[]
level1,qwen3b,countdown,replay_drgrpo,73,True,True,0,[]
level1,qwen3b,countdown,replay_drgrpo,74,True,True,0,[]
level1,qwen3b,countdown,replay_maxrl,70,True,True,0,[]
level1,qwen3b,countdown,replay_maxrl,71,True,True,0,[]
level1,qwen3b,countdown,replay_maxrl,72,True,True,0,[]
level1,qwen3b,countdown,replay_maxrl,73,True,True,0,[]
level1,qwen3b,countdown,replay_maxrl,74,True,True,0,[]
level1,qwen3b,graph_coloring,drgrpo,70,True,True,0,[]
level1,qwen3b,graph_coloring,drgrpo,71,True,True,0,[]
level1,qwen3b,graph_coloring,drgrpo,72,True,True,0,[]
level1,qwen3b,graph_coloring,drgrpo,73,True,True,0,[]
level1,qwen3b,graph_coloring,drgrpo,74,True,True,0,[]
level1,qwen3b,graph_coloring,maxrl,70,True,True,0,[]
level1,qwen3b,graph_coloring,maxrl,71,True,True,0,[]
level1,qwen3b,graph_coloring,maxrl,72,True,True,0,[]
level1,qwen3b,graph_coloring,maxrl,73,True,True,0,[]
level1,qwen3b,graph_coloring,maxrl,74,True,True,0,[]
level1,qwen3b,graph_coloring,replay_drgrpo,70,True,True,0,[]
level1,qwen3b,graph_coloring,replay_drgrpo,71,True,True,0,[]
level1,qwen3b,graph_coloring,replay_drgrpo,72,True,True,0,[]
level1,qwen3b,graph_coloring,replay_drgrpo,73,True,True,0,[]
level1,qwen3b,graph_coloring,replay_drgrpo,74,True,True,0,[]
level1,qwen3b,graph_coloring,replay_maxrl,70,True,True,0,[]
level1,qwen3b,graph_coloring,replay_maxrl,71,True,True,0,[]
level1,qwen3b,graph_coloring,replay_maxrl,72,True,True,0,[]
level1,qwen3b,graph_coloring,replay_maxrl,73,True,True,0,[]
level1,qwen3b,graph_coloring,replay_maxrl,74,True,True,0,[]
level1,qwen3b,mathir,drgrpo,70,True,True,0,[]
level1,qwen3b,mathir,drgrpo,71,True,True,0,[]
level1,qwen3b,mathir,drgrpo,72,True,True,0,[]
level1,qwen3b,mathir,drgrpo,73,True,True,0,[]
level1,qwen3b,mathir,drgrpo,74,True,True,0,[]
level1,qwen3b,mathir,maxrl,70,True,True,0,[]
level1,qwen3b,mathir,maxrl,71,True,True,0,[]
level1,qwen3b,mathir,maxrl,72,True,True,0,[]
level1,qwen3b,mathir,maxrl,73,True,True,0,[]
level1,qwen3b,mathir,maxrl,74,True,True,0,[]
level1,qwen3b,mathir,replay_drgrpo,70,True,True,0,[]
level1,qwen3b,mathir,replay_drgrpo,71,False,True,1,"[{""kind"": ""not_admitted_in_frozen_snapshot"", ""step"": 0}]"
level1,qwen3b,mathir,replay_drgrpo,72,True,True,0,[]
level1,qwen3b,mathir,replay_drgrpo,73,True,True,0,[]
level1,qwen3b,mathir,replay_drgrpo,74,True,True,0,[]
level1,qwen3b,mathir,replay_maxrl,70,True,True,0,[]
level1,qwen3b,mathir,replay_maxrl,71,True,True,0,[]
level1,qwen3b,mathir,replay_maxrl,72,True,True,0,[]
level1,qwen3b,mathir,replay_maxrl,73,True,True,0,[]
level1,qwen3b,mathir,replay_maxrl,74,True,True,0,[]
level1,qwen3b,pantry_plan,drgrpo,70,True,True,0,[]
level1,qwen3b,pantry_plan,drgrpo,71,True,True,0,[]
level1,qwen3b,pantry_plan,drgrpo,72,True,True,0,[]
level1,qwen3b,pantry_plan,drgrpo,73,True,True,0,[]
level1,qwen3b,pantry_plan,drgrpo,74,True,True,0,[]
level1,qwen3b,pantry_plan,maxrl,70,True,True,0,[]
level1,qwen3b,pantry_plan,maxrl,71,True,True,0,[]
level1,qwen3b,pantry_plan,maxrl,72,True,True,0,[]
level1,qwen3b,pantry_plan,maxrl,73,True,True,0,[]
level1,qwen3b,pantry_plan,maxrl,74,True,True,0,[]
level1,qwen3b,pantry_plan,replay_drgrpo,70,True,True,0,[]
level1,qwen3b,pantry_plan,replay_drgrpo,71,True,True,0,[]
level1,qwen3b,pantry_plan,replay_drgrpo,72,True,True,0,[]
level1,qwen3b,pantry_plan,replay_drgrpo,73,True,True,0,[]
level1,qwen3b,pantry_plan,replay_drgrpo,74,True,True,0,[]
level1,qwen3b,pantry_plan,replay_maxrl,70,True,True,0,[]
level1,qwen3b,pantry_plan,replay_maxrl,71,True,True,0,[]
level1,qwen3b,pantry_plan,replay_maxrl,72,True,True,0,[]
level1,qwen3b,pantry_plan,replay_maxrl,73,True,True,0,[]
level1,qwen3b,pantry_plan,replay_maxrl,74,True,True,0,[]
level1,qwen3b,python_factors,drgrpo,70,True,True,0,[]
level1,qwen3b,python_factors,drgrpo,71,True,True,0,[]
level1,qwen3b,python_factors,drgrpo,72,True,True,0,[]
level1,qwen3b,python_factors,drgrpo,73,True,True,0,[]
level1,qwen3b,python_factors,drgrpo,74,True,True,0,[]
level1,qwen3b,python_factors,maxrl,70,True,True,0,[]
level1,qwen3b,python_factors,maxrl,71,True,True,0,[]
level1,qwen3b,python_factors,maxrl,72,True,True,0,[]
level1,qwen3b,python_factors,maxrl,73,True,True,0,[]
level1,qwen3b,python_factors,maxrl,74,True,True,0,[]
level1,qwen3b,python_factors,replay_drgrpo,70,True,True,0,[]
level1,qwen3b,python_factors,replay_drgrpo,71,True,True,0,[]
level1,qwen3b,python_factors,replay_drgrpo,72,True,True,0,[]
level1,qwen3b,python_factors,replay_drgrpo,73,True,True,0,[]
level1,qwen3b,python_factors,replay_drgrpo,74,True,True,0,[]
level1,qwen3b,python_factors,replay_maxrl,70,True,True,0,[]
level1,qwen3b,python_factors,replay_maxrl,71,True,True,0,[]
level1,qwen3b,python_factors,replay_maxrl,72,True,True,0,[]
level1,qwen3b,python_factors,replay_maxrl,73,True,True,0,[]
level1,qwen3b,python_factors,replay_maxrl,74,True,True,0,[]
level2,qwen05b,countdown,drgrpo,43,True,True,0,[]
level2,qwen05b,countdown,drgrpo,44,True,True,0,[]
level2,qwen05b,countdown,drgrpo,45,True,True,0,[]
level2,qwen05b,countdown,drgrpo,46,True,True,0,[]
level2,qwen05b,countdown,drgrpo,47,True,True,0,[]
level2,qwen05b,countdown,maxrl,43,True,True,0,[]
level2,qwen05b,countdown,maxrl,44,True,True,0,[]
level2,qwen05b,countdown,maxrl,45,True,True,0,[]
level2,qwen05b,countdown,maxrl,46,True,True,0,[]
level2,qwen05b,countdown,maxrl,47,True,True,0,[]
level2,qwen05b,countdown,replay_drgrpo,43,True,True,0,[]
level2,qwen05b,countdown,replay_drgrpo,44,True,True,0,[]
level2,qwen05b,countdown,replay_drgrpo,45,True,True,0,[]
level2,qwen05b,countdown,replay_drgrpo,46,True,True,0,[]
level2,qwen05b,countdown,replay_drgrpo,47,True,True,0,[]
level2,qwen05b,countdown,replay_maxrl,43,True,True,0,[]
level2,qwen05b,countdown,replay_maxrl,44,True,True,0,[]
level2,qwen05b,countdown,replay_maxrl,45,True,True,0,[]
level2,qwen05b,countdown,replay_maxrl,46,True,True,0,[]
level2,qwen05b,countdown,replay_maxrl,47,True,True,0,[]
level2,qwen05b,graph_coloring,drgrpo,43,True,True,0,[]
level2,qwen05b,graph_coloring,drgrpo,44,True,True,0,[]
level2,qwen05b,graph_coloring,drgrpo,45,True,True,0,[]
level2,qwen05b,graph_coloring,drgrpo,46,True,True,0,[]
level2,qwen05b,graph_coloring,drgrpo,47,True,True,0,[]
level2,qwen05b,graph_coloring,maxrl,43,True,True,0,[]
level2,qwen05b,graph_coloring,maxrl,44,True,True,0,[]
level2,qwen05b,graph_coloring,maxrl,45,True,True,0,[]
level2,qwen05b,graph_coloring,maxrl,46,True,True,0,[]
level2,qwen05b,graph_coloring,maxrl,47,True,True,0,[]
level2,qwen05b,graph_coloring,replay_drgrpo,43,True,True,0,[]
level2,qwen05b,graph_coloring,replay_drgrpo,44,True,True,0,[]
level2,qwen05b,graph_coloring,replay_drgrpo,45,True,True,0,[]
level2,qwen05b,graph_coloring,replay_drgrpo,46,True,True,0,[]
level2,qwen05b,graph_coloring,replay_drgrpo,47,True,True,0,[]
level2,qwen05b,graph_coloring,replay_maxrl,43,True,True,0,[]
level2,qwen05b,graph_coloring,replay_maxrl,44,True,True,0,[]
level2,qwen05b,graph_coloring,replay_maxrl,45,True,True,0,[]
level2,qwen05b,graph_coloring,replay_maxrl,46,True,True,0,[]
level2,qwen05b,graph_coloring,replay_maxrl,47,True,True,0,[]
level2,qwen05b,mathir,drgrpo,43,True,True,0,[]
level2,qwen05b,mathir,drgrpo,44,True,True,0,[]
level2,qwen05b,mathir,drgrpo,45,True,True,0,[]
level2,qwen05b,mathir,drgrpo,46,True,True,0,[]
level2,qwen05b,mathir,drgrpo,47,True,True,0,[]
level2,qwen05b,mathir,maxrl,43,True,True,0,[]
level2,qwen05b,mathir,maxrl,44,True,True,0,[]
level2,qwen05b,mathir,maxrl,45,True,True,0,[]
level2,qwen05b,mathir,maxrl,46,True,True,0,[]
level2,qwen05b,mathir,maxrl,47,True,True,0,[]
level2,qwen05b,mathir,replay_drgrpo,43,True,True,0,[]
level2,qwen05b,mathir,replay_drgrpo,44,True,True,0,[]
level2,qwen05b,mathir,replay_drgrpo,45,True,True,0,[]
level2,qwen05b,mathir,replay_drgrpo,46,True,True,0,[]
level2,qwen05b,mathir,replay_drgrpo,47,True,True,0,[]
level2,qwen05b,mathir,replay_maxrl,43,True,True,0,[]
level2,qwen05b,mathir,replay_maxrl,44,True,True,0,[]
level2,qwen05b,mathir,replay_maxrl,45,True,True,0,[]
level2,qwen05b,mathir,replay_maxrl,46,True,True,0,[]
level2,qwen05b,mathir,replay_maxrl,47,False,True,1,"[{""kind"": ""not_admitted_in_frozen_snapshot"", ""step"": 0}]"
level2,qwen05b,pantry_plan,drgrpo,43,True,True,0,[]
level2,qwen05b,pantry_plan,drgrpo,44,True,False,1,"[{""kind"": ""not_admitted_in_frozen_snapshot"", ""step"": 3072}]"
level2,qwen05b,pantry_plan,drgrpo,45,True,True,0,[]
level2,qwen05b,pantry_plan,drgrpo,46,False,True,1,"[{""kind"": ""not_admitted_in_frozen_snapshot"", ""step"": 0}]"
level2,qwen05b,pantry_plan,drgrpo,47,True,False,1,"[{""kind"": ""not_admitted_in_frozen_snapshot"", ""step"": 3072}]"
level2,qwen05b,pantry_plan,maxrl,43,True,True,0,[]
level2,qwen05b,pantry_plan,maxrl,44,True,False,1,"[{""kind"": ""not_admitted_in_frozen_snapshot"", ""step"": 3072}]"
level2,qwen05b,pantry_plan,maxrl,45,True,False,1,"[{""kind"": ""not_admitted_in_frozen_snapshot"", ""step"": 3072}]"
level2,qwen05b,pantry_plan,maxrl,46,False,False,2,"[{""kind"": ""not_admitted_in_frozen_snapshot"", ""step"": 0}, {""kind"": ""not_admitted_in_frozen_snapshot"", ""step"": 3072}]"
level2,qwen05b,pantry_plan,maxrl,47,False,False,2,"[{""kind"": ""not_admitted_in_frozen_snapshot"", ""step"": 0}, {""kind"": ""not_admitted_in_frozen_snapshot"", ""step"": 3072}]"
level2,qwen05b,pantry_plan,replay_drgrpo,43,False,True,1,"[{""kind"": ""not_admitted_in_frozen_snapshot"", ""step"": 0}]"
level2,qwen05b,pantry_plan,replay_drgrpo,44,False,True,1,"[{""kind"": ""not_admitted_in_frozen_snapshot"", ""step"": 0}]"
level2,qwen05b,pantry_plan,replay_drgrpo,45,False,False,2,"[{""kind"": ""not_admitted_in_frozen_snapshot"", ""step"": 0}, {""kind"": ""not_admitted_in_frozen_snapshot"", ""step"": 3072}]"
level2,qwen05b,pantry_plan,replay_drgrpo,46,True,True,0,[]
level2,qwen05b,pantry_plan,replay_drgrpo,47,True,True,0,[]
level2,qwen05b,pantry_plan,replay_maxrl,43,True,True,0,[]
level2,qwen05b,pantry_plan,replay_maxrl,44,False,True,1,"[{""kind"": ""not_admitted_in_frozen_snapshot"", ""step"": 0}]"
level2,qwen05b,pantry_plan,replay_maxrl,45,True,False,1,"[{""kind"": ""not_admitted_in_frozen_snapshot"", ""step"": 3072}]"
level2,qwen05b,pantry_plan,replay_maxrl,46,False,False,2,"[{""kind"": ""not_admitted_in_frozen_snapshot"", ""step"": 3072}, {""frozen_issues"": [{""draw"": 0, ""first_origin"": {""line"": 2, ""path"": ""/n/fs/similarity/maxent-grpo/var/data/xdr_qwen25_0p5b_instruct_maxrl_verified_replay_e119_level2_pantry_replay_maxrl_s46/debug_job31037842/eval_mode_coverage_draws.jsonl""}, ""kind"": ""conflicting_duplicate"", ""metric_payload_equal"": false, ""other_metadata"": {""benchmark"": ""multi_answer"", ""evaluation_kind"": ""fixed_seed_sampled_k_neutral"", ""prompt_count"": 128, ""sample_count"": 8, ""seed"": 76299, ""temperature"": 1.0}, ""other_metrics"": {""any_correct_at_k"": 0.3046875, ""any_nonseed_correct_at_k"": 0.0, ""distinct_correct_modes_at_k"": 0.359375, ""distinct_nonseed_correct_modes_at_k"": 0.0, ""mean_at_k"": 0.0673828125, ""mode_coverage_at_k"": 0.359375}, ""other_origin"": {""line"": 2, ""path"": ""/n/fs/similarity/maxent-grpo/var/data/xdr_qwen25_0p5b_instruct_maxrl_verified_replay_e119_level2_pantry_replay_maxrl_s46/debug_job31163676/eval_mode_coverage_draws.jsonl""}, ""step"": 0}, {""draw"": 1, ""first_origin"": {""line"": 3, ""path"": ""/n/fs/similarity/maxent-grpo/var/data/xdr_qwen25_0p5b_instruct_maxrl_verified_replay_e119_level2_pantry_replay_maxrl_s46/debug_job31037842/eval_mode_coverage_draws.jsonl""}, ""kind"": ""conflicting_duplicate"", ""metric_payload_equal"": false, ""other_metadata"": {""benchmark"": ""multi_answer"", ""evaluation_kind"": ""fixed_seed_sampled_k_neutral"", ""prompt_count"": 128, ""sample_count"": 8, ""seed"": 76300, ""temperature"": 1.0}, ""other_metrics"": {""any_correct_at_k"": 0.296875, ""any_nonseed_correct_at_k"": 0.0, ""distinct_correct_modes_at_k"": 0.359375, ""distinct_nonseed_correct_modes_at_k"": 0.0, ""mean_at_k"": 0.0654296875, ""mode_coverage_at_k"": 0.359375}, ""other_origin"": {""line"": 3, ""path"": ""/n/fs/similarity/maxent-grpo/var/data/xdr_qwen25_0p5b_instruct_maxrl_verified_replay_e119_level2_pantry_replay_maxrl_s46/debug_job31163676/eval_mode_coverage_draws.jsonl""}, ""step"": 0}, {""draw"": 2, ""first_origin"": {""line"": 4, ""path"": ""/n/fs/similarity/maxent-grpo/var/data/xdr_qwen25_0p5b_instruct_maxrl_verified_replay_e119_level2_pantry_replay_maxrl_s46/debug_job31037842/eval_mode_coverage_draws.jsonl""}, ""kind"": ""conflicting_duplicate"", ""metric_payload_equal"": false, ""other_metadata"": {""benchmark"": ""multi_answer"", ""evaluation_kind"": ""fixed_seed_sampled_k_neutral"", ""prompt_count"": 128, ""sample_count"": 8, ""seed"": 76301, ""temperature"": 1.0}, ""other_metrics"": {""any_correct_at_k"": 0.2890625, ""any_nonseed_correct_at_k"": 0.0, ""distinct_correct_modes_at_k"": 0.3515625, ""distinct_nonseed_correct_modes_at_k"": 0.0, ""mean_at_k"": 0.0654296875, ""mode_coverage_at_k"": 0.3515625}, ""other_origin"": {""line"": 4, ""path"": ""/n/fs/similarity/maxent-grpo/var/data/xdr_qwen25_0p5b_instruct_maxrl_verified_replay_e119_level2_pantry_replay_maxrl_s46/debug_job31163676/eval_mode_coverage_draws.jsonl""}, ""step"": 0}, {""draw"": 3, ""first_origin"": {""line"": 5, ""path"": ""/n/fs/similarity/maxent-grpo/var/data/xdr_qwen25_0p5b_instruct_maxrl_verified_replay_e119_level2_pantry_replay_maxrl_s46/debug_job31037842/eval_mode_coverage_draws.jsonl""}, ""kind"": ""conflicting_duplicate"", ""metric_payload_equal"": false, ""other_metadata"": {""benchmark"": ""multi_answer"", ""evaluation_kind"": ""fixed_seed_sampled_k_neutral"", ""prompt_count"": 128, ""sample_count"": 8, ""seed"": 76302, ""temperature"": 1.0}, ""other_metrics"": {""any_correct_at_k"": 0.2734375, ""any_nonseed_correct_at_k"": 0.0, ""distinct_correct_modes_at_k"": 0.3359375, ""distinct_nonseed_correct_modes_at_k"": 0.0, ""mean_at_k"": 0.0595703125, ""mode_coverage_at_k"": 0.3359375}, ""other_origin"": {""line"": 5, ""path"": ""/n/fs/similarity/maxent-grpo/var/data/xdr_qwen25_0p5b_instruct_maxrl_verified_replay_e119_level2_pantry_replay_maxrl_s46/debug_job31163676/eval_mode_coverage_draws.jsonl""}, ""step"": 0}], ""kind"": ""withdrawn_by_completed_census_conflict"", ""reason"": ""Newly authorized source conflicts with the prior initial checkpoint; no attempt selected."", ""step"": 0}]"
level2,qwen05b,pantry_plan,replay_maxrl,47,True,False,1,"[{""kind"": ""not_admitted_in_frozen_snapshot"", ""step"": 3072}]"
level2,qwen05b,python_factors,drgrpo,43,True,True,0,[]
level2,qwen05b,python_factors,drgrpo,44,True,True,0,[]
level2,qwen05b,python_factors,drgrpo,45,True,True,0,[]
level2,qwen05b,python_factors,drgrpo,46,True,True,0,[]
level2,qwen05b,python_factors,drgrpo,47,True,True,0,[]
level2,qwen05b,python_factors,maxrl,43,True,True,0,[]
level2,qwen05b,python_factors,maxrl,44,True,True,0,[]
level2,qwen05b,python_factors,maxrl,45,True,True,0,[]
level2,qwen05b,python_factors,maxrl,46,True,True,0,[]
level2,qwen05b,python_factors,maxrl,47,True,True,0,[]
level2,qwen05b,python_factors,replay_drgrpo,43,True,True,0,[]
level2,qwen05b,python_factors,replay_drgrpo,44,True,True,0,[]
level2,qwen05b,python_factors,replay_drgrpo,45,True,True,0,[]
level2,qwen05b,python_factors,replay_drgrpo,46,True,True,0,[]
level2,qwen05b,python_factors,replay_drgrpo,47,True,True,0,[]
level2,qwen05b,python_factors,replay_maxrl,43,True,True,0,[]
level2,qwen05b,python_factors,replay_maxrl,44,True,True,0,[]
level2,qwen05b,python_factors,replay_maxrl,45,True,True,0,[]
level2,qwen05b,python_factors,replay_maxrl,46,True,True,0,[]
level2,qwen05b,python_factors,replay_maxrl,47,True,True,0,[]
level1,falcon1b,countdown,grpo,55,True,True,0,[]
level1,falcon1b,countdown,grpo,56,True,True,0,[]
level1,falcon1b,countdown,grpo,57,True,True,0,[]
level1,falcon1b,countdown,grpo,58,True,True,0,[]
level1,falcon1b,countdown,grpo,59,True,True,0,[]
level1,falcon1b,graph_coloring,grpo,55,True,True,0,[]
level1,falcon1b,graph_coloring,grpo,56,True,True,0,[]
level1,falcon1b,graph_coloring,grpo,57,True,True,0,[]
level1,falcon1b,graph_coloring,grpo,58,True,True,0,[]
level1,falcon1b,graph_coloring,grpo,59,True,True,0,[]
level1,falcon1b,mathir,grpo,55,True,True,0,[]
level1,falcon1b,mathir,grpo,56,True,True,0,[]
level1,falcon1b,mathir,grpo,57,True,True,0,[]
level1,falcon1b,mathir,grpo,58,True,True,0,[]
level1,falcon1b,mathir,grpo,59,True,True,0,[]
level1,falcon1b,pantry_plan,grpo,55,True,True,0,[]
level1,falcon1b,pantry_plan,grpo,56,True,True,0,[]
level1,falcon1b,pantry_plan,grpo,57,True,True,0,[]
level1,falcon1b,pantry_plan,grpo,58,True,True,0,[]
level1,falcon1b,pantry_plan,grpo,59,True,True,0,[]
level1,falcon1b,python_factors,grpo,55,True,True,0,[]
level1,falcon1b,python_factors,grpo,56,True,True,0,[]
level1,falcon1b,python_factors,grpo,57,True,True,0,[]
level1,falcon1b,python_factors,grpo,58,True,True,0,[]
level1,falcon1b,python_factors,grpo,59,True,True,0,[]
level1,qwen05b,countdown,grpo,43,True,True,0,[]
level1,qwen05b,countdown,grpo,44,True,True,0,[]
level1,qwen05b,countdown,grpo,45,True,True,0,[]
level1,qwen05b,countdown,grpo,46,True,True,0,[]
level1,qwen05b,countdown,grpo,47,True,True,0,[]
level1,qwen05b,graph_coloring,grpo,43,True,True,0,[]
level1,qwen05b,graph_coloring,grpo,44,True,True,0,[]
level1,qwen05b,graph_coloring,grpo,45,True,True,0,[]
level1,qwen05b,graph_coloring,grpo,46,True,True,0,[]
level1,qwen05b,graph_coloring,grpo,47,True,True,0,[]
level1,qwen05b,mathir,grpo,43,True,True,0,[]
level1,qwen05b,mathir,grpo,44,True,True,0,[]
level1,qwen05b,mathir,grpo,45,True,True,0,[]
level1,qwen05b,mathir,grpo,46,True,True,0,[]
level1,qwen05b,mathir,grpo,47,True,True,0,[]
level1,qwen05b,pantry_plan,grpo,43,True,True,0,[]
level1,qwen05b,pantry_plan,grpo,44,True,True,0,[]
level1,qwen05b,pantry_plan,grpo,45,True,True,0,[]
level1,qwen05b,pantry_plan,grpo,46,True,True,0,[]
level1,qwen05b,pantry_plan,grpo,47,True,True,0,[]
level1,qwen05b,python_factors,grpo,43,True,True,0,[]
level1,qwen05b,python_factors,grpo,44,True,True,0,[]
level1,qwen05b,python_factors,grpo,45,True,True,0,[]
level1,qwen05b,python_factors,grpo,46,True,True,0,[]
level1,qwen05b,python_factors,grpo,47,True,True,0,[]
level1,qwen3b,countdown,grpo,70,True,True,0,[]
level1,qwen3b,countdown,grpo,71,True,True,0,[]
level1,qwen3b,countdown,grpo,72,True,True,0,[]
level1,qwen3b,countdown,grpo,73,True,True,0,[]
level1,qwen3b,countdown,grpo,74,True,True,0,[]
level1,qwen3b,graph_coloring,grpo,70,True,True,0,[]
level1,qwen3b,graph_coloring,grpo,71,True,True,0,[]
level1,qwen3b,graph_coloring,grpo,72,True,True,0,[]
level1,qwen3b,graph_coloring,grpo,73,True,True,0,[]
level1,qwen3b,graph_coloring,grpo,74,True,True,0,[]
level1,qwen3b,mathir,grpo,70,True,True,0,[]
level1,qwen3b,mathir,grpo,71,True,True,0,[]
level1,qwen3b,mathir,grpo,72,True,True,0,[]
level1,qwen3b,mathir,grpo,73,True,True,0,[]
level1,qwen3b,mathir,grpo,74,True,True,0,[]
level1,qwen3b,pantry_plan,grpo,70,True,True,0,[]
level1,qwen3b,pantry_plan,grpo,71,True,True,0,[]
level1,qwen3b,pantry_plan,grpo,72,True,True,0,[]
level1,qwen3b,pantry_plan,grpo,73,True,True,0,[]
level1,qwen3b,pantry_plan,grpo,74,True,True,0,[]
level1,qwen3b,python_factors,grpo,70,True,True,0,[]
level1,qwen3b,python_factors,grpo,71,True,True,0,[]
level1,qwen3b,python_factors,grpo,72,True,True,0,[]
level1,qwen3b,python_factors,grpo,73,True,True,0,[]
level1,qwen3b,python_factors,grpo,74,True,True,0,[]
