model,level,domain,pass8,distinct8,native_responses
05b,level1,countdown,0.134765625,0.142578125,4096
05b,level1,graph_coloring,0.5390625,0.697265625,4096
05b,level1,mathir,0.296875,0.3203125,4096
05b,level1,pantry,0.228515625,0.26171875,4096
05b,level1,python_factors,0.734375,0.84375,4096
05b,level2,countdown,0.07421875,0.07421875,4096
05b,level2,graph_coloring,0.189453125,0.208984375,4096
05b,level2,mathir,0.173828125,0.173828125,4096
05b,level2,pantry,0.2734375,0.328125,4096
05b,level2,python_factors,0.66796875,0.771484375,4096
05b,level3,countdown,0.048828125,0.052734375,4096
05b,level3,graph_coloring,0.361328125,0.447265625,4096
05b,level3,mathir,0.248046875,0.2734375,4096
05b,level3,pantry,0.2734375,0.447265625,4096
05b,level3,python_factors,0.7890625,0.865234375,4096
14b,level1,countdown,0.14453125,0.15625,4096
14b,level1,graph_coloring,0.642578125,0.9375,4096
14b,level1,mathir,0.392578125,0.46875,4096
14b,level1,pantry,0.412109375,0.61328125,4096
14b,level1,python_factors,0.986328125,1.091796875,4096
14b,level2,countdown,0.14453125,0.146484375,4096
14b,level2,graph_coloring,0.267578125,0.349609375,4096
14b,level2,mathir,0.55859375,0.625,4096
14b,level2,pantry,0.505859375,0.765625,4096
14b,level2,python_factors,0.978515625,1.048828125,4096
14b,level3,countdown,0.1328125,0.142578125,4096
14b,level3,graph_coloring,0.48828125,0.60546875,4096
14b,level3,mathir,0.4453125,0.47265625,4096
14b,level3,pantry,0.294921875,0.443359375,4096
14b,level3,python_factors,0.982421875,1.06640625,4096
3b,level1,countdown,0.31640625,0.384765625,4096
3b,level1,graph_coloring,0.564453125,0.880859375,4096
3b,level1,mathir,0.212890625,0.21875,4096
3b,level1,pantry,0.263671875,0.357421875,4096
3b,level1,python_factors,0.818359375,0.939453125,4096
3b,level2,countdown,0.111328125,0.115234375,4096
3b,level2,graph_coloring,0.404296875,0.521484375,4096
3b,level2,mathir,0.267578125,0.28125,4096
3b,level2,pantry,0.25390625,0.4140625,4096
3b,level2,python_factors,0.787109375,0.91015625,4096
3b,level3,countdown,0.109375,0.1328125,4096
3b,level3,graph_coloring,0.544921875,0.796875,4096
3b,level3,mathir,0.208984375,0.212890625,4096
3b,level3,pantry,0.1796875,0.275390625,4096
3b,level3,python_factors,0.748046875,0.873046875,4096
7b,level1,countdown,0.427734375,0.5078125,4096
7b,level1,graph_coloring,0.6796875,1.013671875,4096
7b,level1,mathir,0.330078125,0.337890625,4096
7b,level1,pantry,0.224609375,0.353515625,4096
7b,level1,python_factors,0.986328125,1.037109375,4096
7b,level2,countdown,0.1171875,0.1171875,4096
7b,level2,graph_coloring,0.34375,0.447265625,4096
7b,level2,mathir,0.4140625,0.423828125,4096
7b,level2,pantry,0.271484375,0.38671875,4096
7b,level2,python_factors,0.98828125,1.005859375,4096
7b,level3,countdown,0.224609375,0.279296875,4096
7b,level3,graph_coloring,0.521484375,0.755859375,4096
7b,level3,mathir,0.400390625,0.408203125,4096
7b,level3,pantry,0.19140625,0.2734375,4096
7b,level3,python_factors,0.994140625,1.017578125,4096
